	peaksig_y	peaksig_x	closet_genes	zrfus_genes
chr1-10719492-10721280	0.0811552036620857	0.0753961075336103	Cpa6	NO
chr1-11458143-11458703	0.0361853087789577	0.0405111091239768	A830018L16Rik	NO
chr1-14011413-14011979	0.192927035997598	0.0309776219163178	Eya1	NO
chr1-16617997-16620180	0.448307627851701	0.503993504568981	Ube2w	NO
chr1-16664688-16666076	0.337845524642523	0.297745737462997	Tmem70	NO
chr1-30948377-30950705	0.51092114415892	0.568107200130368	Ptp4a1	NO
chr1-34150048-34151066	0.517340530963729	0.0630519600809812	Dst	NO
chr1-34642222-34643167	0.159320069751004	0.0798636248814514	Arhgef4	NO
chr1-34814069-34814354	0.0590827458593485	0.0512010948754761	Fam168b	NO
chr1-35652830-35653824	0.124951122385462	0.118029419267042	RP24-550I15.1	NO
chr1-36254616-36255504	0.109418842086822	0.111785022034338	Neurl3	NO
chr1-37696783-37697224	0.04646897070607	0.0374923166398825	2010300C02Rik	NO
chr1-37864166-37865905	0.545181766599823	0.573094367779179	Tsga10	NO
chr1-38786278-38786956	0.243160471707948	0.0583169212154453	Lonrf2	NO
chr1-43694313-43695653	0.596689269985378	0.134217874253801	1500015O10Rik	NO
chr1-52112956-52114317	0.409417726244541	0.441594895125811	Gm28177	NO
chr1-52231860-52233890	0.542048451195126	0.526108775630035	Gls	NO
chr1-52843845-52845938	0.503861297351502	0.391095567341459	Hibch	NO
chr1-55086967-55088899	0.60063560108498	0.519927871756446	Hspe1	NO
chr1-58972748-58974282	0.438065969435372	0.466842477032258	Trak2	NO
chr1-61095727-61096206	0.0344351145187877	0.0643888727185437	Icos	NO
chr1-61638241-61639999	0.455137558028598	0.161650572664048	Pard3b	NO
chr1-64225777-64226980	0.0866125685429355	0.200241499928073	Gm28981	NO
chr1-64305177-64305875	0.125326440150135	0.0671650072618017	Gm28981	NO
chr1-64531721-64533717	0.501605334847353	0.579951583159575	Creb1	NO
chr1-64736961-64738230	0.562914143710337	0.218324097734942	Fzd5	NO
chr1-66815964-66818252	0.530791077753112	0.563570592370801	Kansl1l	NO
chr1-70853452-70853873	0.0192690826749891	0.0776608173287724	Vwc2l	NO
chr1-71101691-71103430	0.633883658851655	0.26325427198634	Bard1	NO
chr1-71880515-71881745	0.0331735562300306	0.146976616680012	Gm8883	NO
chr1-72738896-72740330	0.617567978189557	0.100919426407322	Rpl37a	NO
chr1-72746076-72747000	0.188001446883387	0.117146743449341	Rpl37a	NO
chr1-72814974-72815563	0.085516240633472	0.0495274747052993	Igfbp2	NO
chr1-73962617-73963942	0.256218790811855	0.146802638604811	Tns1	NO
chr1-74030827-74031423	0.240773522304552	0.0646568205175838	Tns1	NO
chr1-74032934-74033588	0.070499956488726	0.052592262849514	Tns1	NO
chr1-74283836-74285577	0.530782633616261	0.585795866828441	Aamp	NO
chr1-74391235-74392652	0.62395221059172	0.336828353689612	Ctdsp1	NO
chr1-74397084-74398477	0.625893390255709	0.187985799699034	Ctdsp1	NO
chr1-74505032-74506888	0.554373336673922	0.524410764687805	Rqcd1	NO
chr1-74587179-74588924	0.481448651430093	0.530201374129777	Zfp142	NO
chr1-75123721-75125740	0.43519231867662	0.416539732461102	Slc23a3	NO
chr1-75167806-75169896	0.505079052835953	0.455963039467088	Zfand2b	NO
chr1-75316321-75318409	0.583507314927985	0.6336008471042	Dnpep	NO
chr1-75398532-75399317	0.194469085020355	0.124400024743838	Speg	NO
chr1-77846300-77846816	0.0678616005306163	0.0439567130174435	Gm28387	NO
chr1-78657178-78658954	0.51073943360373	0.432215783364684	Utp14b	NO
chr1-85852727-85854363	0.203036162246408	0.180620730300138	Cab39	NO
chr1-85927727-85929189	0.430430007866411	0.285800054714138	4933407L21Rik	NO
chr1-86358482-86360206	0.565875997138974	0.590907556044875	Ncl	NO
chr1-86421077-86421448	0.0965584635767939	0.0521929425049837	1700019O17Rik	NO
chr1-86447648-86448581	0.204961375040574	0.101974526302907	1700019O17Rik	NO
chr1-86470512-86471098	0.0863933201354597	0.0496383000132707	1700019O17Rik	NO
chr1-86486721-86488573	0.524671185448133	0.570719079657075	Ptma	NO
chr1-86501096-86501704	0.241422920971486	0.259341440325224	Ptma	NO
chr1-86524734-86527033	0.56389781514739	0.660427530654419	Ptma	NO
chr1-87213046-87214955	0.471782085857733	0.416343388229767	Eif4e2	NO
chr1-89069201-89071293	0.641757871035866	0.480555057696306	Sh3bp4	NO
chr1-89092181-89093238	0.231663513260026	0.154507024526911	Sh3bp4	NO
chr1-89102302-89104680	0.225428372169464	0.118575021432178	Sh3bp4	NO
chr1-90110512-90111747	0.104986628266607	0.103526003977186	Iqca	NO
chr1-90152658-90154341	0.224651153969888	0.179773407438632	Iqca	NO
chr1-90279093-90279903	0.215678484831127	0.0822569057791731	Gm28723	NO
chr1-90424023-90424769	0.059763642553908	0.0522728027771871	Gm28722	NO
chr1-90909002-90910128	0.154170169913111	0.0356147368447136	Mlph	NO
chr1-90974638-90975349	0.101913850993467	0.0859661708772931	Gm28199	NO
chr1-91052277-91053848	0.363869294845009	0.21847408279866	Lrrfip1	NO
chr1-91098521-91099267	0.103428003516437	0.0871513523497767	Lrrfip1	NO
chr1-91978280-91978755	0.118335959593354	0.0449667131754148	Hdac4	NO
chr1-92179232-92181301	0.566368945621397	0.624201607339047	Hdac4	NO
chr1-93209943-93210633	0.305647190687988	0.0712681171622052	E030010N08Rik	NO
chr1-93477676-93479903	0.567073424841563	0.625176224399306	Sept2	NO
chr1-93511202-93512784	0.466765476653169	0.355894213899561	Farp2	NO
chr1-93634436-93636633	0.471836645627487	0.566467686666792	Stk25	NO
chr1-93803190-93804994	0.519833899614499	0.568702795928648	Ing5	NO
chr1-105993377-105994160	0.34426928960137	0.25772887292225	Zcchc2	NO
chr1-118910511-118911625	0.616971151635579	0.156982281286184	Gli2	YES
chr1-119328199-119330291	0.951851536809563	0.190063278487177	Gm29455	NO
chr1-119437113-119438248	0.345397387397115	0.0509811733789514	Inhbb	YES
chr1-125687842-125688674	0.358953095341735	0.0517286427442079	Gpr39	NO
chr1-126829237-126829600	0.186130437389963	0.0431233248579679	Nckap5	NO
chr1-127773068-127774924	0.509467543345204	0.542188886611682	Ccnt2	NO
chr1-127868246-127869408	0.327942690136196	0.345302069203461	Rab3gap1	NO
chr1-131085871-131087168	0.107156226976133	0.170579933372531	Mapkapk2	NO
chr1-131200015-131200354	0.0435886994423187	0.0377277396165615	Rassf5	NO
chr1-132006815-132008642	0.431464487198654	0.47284800866806	Elk4	NO
chr1-132138831-132139918	0.133355113792241	0.132233958000294	Cdk18	NO
chr1-132315579-132316568	0.394642028878284	0.324981803958773	Nuak2	NO
chr1-132322255-132323156	0.375062260852398	0.224703944664625	Nuak2	NO
chr1-132355278-132356406	0.23098413197239	0.268506735247914	Tmcc2	NO
chr1-132541240-132541496	0.0928337914148422	0.0665775608772008	Cntn2	NO
chr1-132623421-132624251	0.063392555110624	0.088290472580654	Nfasc	NO
chr1-132922129-132922702	0.0661117960458612	0.0913376163744366	Lrrn2	NO
chr1-133130562-133132349	0.525872248466557	0.494874594832548	Ppp1r15b	NO
chr1-133302450-133302816	0.147863413582148	0.0450623930211229	Plekha6	NO
chr1-133362983-133364384	0.397128683801478	0.384771984096724	Etnk2	NO
chr1-133744487-133745317	0.154142131852521	0.0733645876427283	Atp2b4	NO
chr1-134062514-134063972	0.879190536747129	0.247634286920946	Btg2	NO
chr1-134816579-134816951	0.171302673719927	0.0638078354218223	Ppp1r12b	NO
chr1-135020966-135021488	0.109250301345039	0.0684136939576749	Lgr6	NO
chr1-135258199-135259433	0.408249489247588	0.178175293713708	Elf3	NO
chr1-135324535-135324990	0.0935709661479574	0.0307656643421346	Lmod1	NO
chr1-135731949-135732457	0.17664462869281	0.116591757172859	Csrp1	NO
chr1-135780915-135781649	0.153301171300516	0.134640543549766	Tnni1	NO
chr1-136130680-136132221	0.420519545185655	0.484708794903178	Kif21b	NO
chr1-136140000-136140604	0.340958571826061	0.154558770357994	Kif21b	NO
chr1-136414269-136416118	0.512560261873882	0.461556109887468	Ddx59	NO
chr1-136624034-136625945	0.488077311045978	0.482100256949307	Zfp281	NO
chr1-136683122-136684643	0.0852792669055221	0.0642384691036757	Gm19705	NO
chr1-139090499-139091416	0.244833790367588	0.0622120776707967	Dennd1b	NO
chr1-153190999-153192698	0.479595663866542	0.163132180568547	Lamc2	NO
chr1-153641212-153642829	0.324120745536076	0.323627511493428	Rgs8	NO
chr1-155097924-155099964	0.477717164427698	0.511223008561997	Ier5	NO
chr1-156615628-156616116	0.0944057783380134	0.0542933391387062	Abl2	NO
chr1-156996500-156998344	0.210918125615691	0.233375324919825	Gm28694	NO
chr1-157081521-157081745	0.0758342658030096	0.0643661440439364	Tex35	NO
chr1-161069895-161071782	0.453572901803642	0.48905359835014	Dars2	NO
chr1-162217402-162218100	0.0659539264686574	0.0339493689016041	Dnm3	NO
chr1-163279962-163281057	0.263151459807506	0.0843129966467104	Prrx1	NO
chr1-167349305-167350847	0.41123625219482	0.311025947776495	Aldh9a1	NO
chr1-168245466-168246018	0.46301762602839	0.150022507672349	Pbx1	NO
chr1-168246735-168247501	0.15740644994535	0.228228837158346	Pbx1	NO
chr1-170173929-170175590	0.503343225072876	0.522191872469757	Uap1	NO
chr1-171220527-171222992	0.531700137828718	0.450024030895955	Tomm40l	NO
chr1-172064451-172065340	0.0763088269473363	0.13202264042348	Ncstn	NO
chr1-172490057-172490881	0.248924117169326	0.18372326264579	Igsf9	NO
chr1-175691693-175694024	0.588779128793565	0.528977021909008	Opn3	NO
chr1-176812983-176815136	0.580426494802111	0.566203765503207	Sdccag8	NO
chr1-177441329-177443312	0.6460106898255	0.552299392972034	Zbtb18	NO
chr1-180567915-180569817	0.441896568541912	0.464887901483011	Parp1	NO
chr1-180812958-180814549	0.61146082690091	0.565028990872352	H3f3a	NO
chr1-180888342-180889466	0.191440238289934	0.0775132941130781	Lefty2	NO
chr1-180903693-180904949	0.39514075667984	0.401183697505918	Pycr2	NO
chr1-182139926-182140879	0.163254498676273	0.116443366731603	Srp9	NO
chr1-182408058-182410037	0.491187449808445	0.551483173109581	Trp53bp2	NO
chr1-182509056-182509905	0.0741969051272572	0.0677068554068249	Capn2	NO
chr1-182527757-182528922	0.102105076897481	0.111913202852742	Capn2	NO
chr1-185454234-185455965	0.330882003454595	0.323096198109672	Slc30a10	NO
chr1-186448574-186449524	0.10651805688018	0.0991351148738591	RP23-28F18.1	NO
chr1-189727323-189728840	0.399550651312179	0.134244642175467	Ptpn14	NO
chr1-191025045-191027034	0.475172506114166	0.522961514433055	Mfsd7b	NO
chr1-191395938-191398134	0.549787703915755	0.596424320535976	Ppp2r5a	NO
chr1-192696302-192697564	0.0551719305387862	0.0633101435761632	Hhat	NO
chr1-192854493-192856154	0.387046525903901	0.355114593441642	Sertad4	NO
chr2-3418282-3419347	0.337014666961677	0.29492519876043	Meig1	NO
chr2-4285977-4286957	0.138589384341518	0.0724249308068341	Frmd4a	NO
chr2-4298632-4299185	0.217390191285206	0.0728783885672926	Frmd4a	NO
chr2-4975558-4976230	0.024593604394159	0.0788679992207457	Ucma	NO
chr2-5314361-5315078	0.167459409168166	0.0462985557902363	Camk1d	NO
chr2-6212389-6213635	0.20969434417621	0.202443262238905	Echdc3	NO
chr2-6273383-6274288	0.0995330448611777	0.0555257903920572	Gm13383	NO
chr2-9879237-9879853	0.441106540751325	0.131904437790422	Gata3	NO
chr2-11776777-11778935	0.524418633256409	0.57986310962038	Ankrd16	NO
chr2-13384587-13386199	0.533930785673638	0.120080782744129	Cubn	NO
chr2-13398464-13399839	0.707065341537404	0.0761422147765992	Cubn	NO
chr2-13573207-13575786	0.669088404087711	0.359441321604578	Vim	NO
chr2-18055934-18058035	0.665145681347313	0.482475804798416	1810059C17Rik	NO
chr2-24407791-24408554	0.186924213963241	0.0527556830751754	Psd4	NO
chr2-24918542-24920114	0.462962662763851	0.492338818310914	Ehmt1	NO
chr2-25167593-25168843	0.730429614974868	0.162105602320951	Nrarp	NO
chr2-25180123-25181146	0.574223758110875	0.355150412105459	Nrarp	NO
chr2-25223805-25225525	0.573280443968762	0.592025743312781	Tubb4b	NO
chr2-25371343-25373266	0.448510327473626	0.34383186894686	Sapcd2	NO
chr2-25460063-25461617	0.400342855480634	0.444864796261408	BC029214	NO
chr2-25546027-25547484	0.465631860452312	0.479031461767405	Traf2	NO
chr2-25557081-25558560	0.394742352922532	0.438132863293937	Edf1	NO
chr2-26236649-26237843	0.539254024400399	0.334527831848957	Qsox2	NO
chr2-26444692-26446415	0.571985816705449	0.633087860793295	Sec16a	NO
chr2-26487063-26488080	0.621495608324241	0.147374888429181	Notch1	NO
chr2-26501591-26502609	0.71445853357821	0.162202735486692	Notch1	NO
chr2-26503436-26504024	0.628284328868747	0.138462808443069	Notch1	NO
chr2-26909953-26911363	0.478537552020162	0.499846870084134	Med22	NO
chr2-26932558-26934302	0.509015014131472	0.445971556466805	Surf4	NO
chr2-27027403-27028434	0.266514136425125	0.394720659291408	Slc2a6	NO
chr2-27058480-27059530	0.0921208758773474	0.0565673785135339	Tmem8c	NO
chr2-27288656-27289580	0.194047110132119	0.195753837791382	Vav2	YES
chr2-27425663-27427402	0.435503695100881	0.360633687757412	Vav2	YES
chr2-27441743-27443115	0.44792511994081	0.450435901890444	Brd3	NO
chr2-27474613-27476715	0.592627949990753	0.476620382101012	Brd3	NO
chr2-27719592-27719947	0.105585735726775	0.045401427246991	Rxra	YES
chr2-27771626-27772229	0.147551986166897	0.0822963965800966	Rxra	YES
chr2-27813174-27813893	0.323256024328904	0.0499660571924359	Rxra	YES
chr2-27835825-27836595	0.0783303651047429	0.0974437964895797	2810430I11Rik	NO
chr2-27858259-27858863	0.0592649116367047	0.0529031407135079	2810430I11Rik	NO
chr2-27876387-27877345	0.096465981757837	0.154012142251101	2810430I11Rik	NO
chr2-27934086-27934680	0.208618186583419	0.0799808888219494	Col5a1	NO
chr2-28525248-28526076	0.159709359503055	0.184569355919622	Ralgds	NO
chr2-28532961-28533899	0.323956957864815	0.271074895612297	Ralgds	NO
chr2-29199907-29200509	0.0741420341124558	0.107103980882061	Ntng2	NO
chr2-29868522-29870637	0.528028997654783	0.321174674016434	Cercam	NO
chr2-29888930-29890981	0.604235368344463	0.491284418281237	Odf2	NO
chr2-30092717-30094540	0.441714794728055	0.432074277042362	Zdhhc12	NO
chr2-30170870-30172441	0.328081991340296	0.372720588479453	Endog	NO
chr2-30265808-30266105	0.095423525441182	0.0518414726832344	Gm28035	NO
chr2-30358568-30359552	0.427418240190184	0.43312856842837	Sh3glb2	NO
chr2-30363722-30364870	0.478809240306239	0.484779720092402	Fam73b	NO
chr2-30473314-30474628	0.529141494731089	0.456039636315332	Ier5l	NO
chr2-30646916-30648747	0.328384606407722	0.451551702814913	9330198N18Rik	NO
chr2-30711363-30712277	0.374618407896955	0.352403778042515	Gm14488	NO
chr2-30718091-30719391	0.496494067601343	0.466855983930508	Gm14488	NO
chr2-30743273-30744383	0.420901405855214	0.182067385682858	Gm14488	NO
chr2-30757981-30758915	0.487854504485248	0.136740626801994	1700001O22Rik	NO
chr2-30807107-30808591	0.59898783292361	0.453875317902587	Ntmt1	NO
chr2-30823276-30823722	0.228499041768929	0.0773980948539781	Asb6	NO
chr2-30885461-30886225	0.208891408953444	0.0612256807912068	Ptges	NO
chr2-30981379-30982948	0.506784524474011	0.576715324525207	BC005624	NO
chr2-31448723-31450138	0.297814840566503	0.12675724817406	Hmcn2	NO
chr2-31469410-31470838	0.185183472568801	0.196038868998885	Ass1	NO
chr2-31687545-31689110	0.441649630834654	0.470180037878578	Abl1	NO
chr2-31759534-31760491	0.436049256099832	0.154778988474575	Abl1	NO
chr2-31962048-31963799	0.885059159408338	0.0930013597347936	Aif1l	YES
chr2-32287383-32288975	0.485832691209523	0.526375233208919	Golga2	NO
chr2-32574833-32575997	0.231868067004222	0.323277075879084	Pip5kl1	NO
chr2-32586663-32587427	0.399746312809645	0.304592051728354	St6galnac4	NO
chr2-32628757-32629676	0.320191695034641	0.151040135889225	Ak1	NO
chr2-32631760-32632049	0.157541929290039	0.114242191102242	Ak1	NO
chr2-32693320-32694603	0.460955029074701	0.490025021328898	Fpgs	NO
chr2-32720747-32721051	0.0501922242748403	0.0364397975899849	Sh2d3c	NO
chr2-32726964-32727870	0.421107606502825	0.29175241394488	Sh2d3c	NO
chr2-32774721-32776533	0.40282349473961	0.474377452878069	Ttc16	NO
chr2-32845806-32847664	0.477104082583126	0.535840202608084	Stxbp1	NO
chr2-32966531-32967757	0.401629638739352	0.37327546652146	Rpl12	NO
chr2-32981124-32982926	0.469278899581298	0.341534181757796	Slc2a8	NO
chr2-33129711-33132107	0.670969113420792	0.469202336857818	Garnl3	NO
chr2-33215241-33217023	0.667519569099823	0.263509714803307	Angptl2	NO
chr2-33565874-33566224	0.153734569401479	0.0534816342055087	Lmx1b	NO
chr2-33585086-33585514	0.0859185855444494	0.0923631213920395	Lmx1b	NO
chr2-33605181-33605461	0.0306245450507573	0.057069457895959	Lmx1b	NO
chr2-34771140-34772783	0.523469777827037	0.55279521318596	Hspa5	NO
chr2-35539133-35539914	0.141337414689784	0.143273439759912	Gm13446	NO
chr2-35557632-35559615	0.137649566088762	0.10946897741828	Dab2ip	NO
chr2-35728245-35729330	0.149558162550617	0.13556995318003	Dab2ip	NO
chr2-37422003-37423844	0.419441738978128	0.502653981514422	Rc3h2	NO
chr2-37442387-37443756	0.449296539766087	0.349242722210878	Zbtb26	NO
chr2-37451238-37453338	0.400622957938408	0.46635981811769	Rabgap1	NO
chr2-37841676-37843082	0.559518630330984	0.172091712790453	Dennd1a	NO
chr2-38367026-38367459	0.133119672661586	0.0796768561450425	Lhx2	NO
chr2-38515334-38515816	0.579754583399791	0.0457007084210569	Nek6	NO
chr2-38530734-38531302	0.228446064535247	0.0713093544881263	Nek6	NO
chr2-38614964-38615395	0.106552741638597	0.0563398586508363	Psmb7	NO
chr2-38697039-38697729	0.0999120424990525	0.0921542597006976	Nr5a1	NO
chr2-38770671-38771689	0.0723848853143429	0.052040372215088	Nr6a1	NO
chr2-50368268-50369578	0.361087083123796	0.104471870996692	Gm13483	NO
chr2-52804238-52804974	0.191386918290183	0.0357425942599612	Fmnl2	NO
chr2-53190561-53192677	0.542169853266638	0.605024333846272	Prpf40a	NO
chr2-66255763-66257754	0.3796054216743	0.502979570144738	Ttc21b	NO
chr2-69722023-69723701	0.308067057628434	0.446899921574017	Ppig	NO
chr2-70159499-70160001	0.199191892020751	0.0651980886802753	Myo3b	NO
chr2-73528595-73530298	0.374219955486145	0.201403948386495	Wipf1	NO
chr2-75703130-75705429	0.686754259850039	0.225840983142783	Nfe2l2	NO
chr2-91399047-91400503	0.498964109190911	0.10331955392793	1110051M20Rik	NO
chr2-91649173-91650641	0.396566986599878	0.452827890503586	Zfp408	NO
chr2-91930837-91932639	0.555992442646566	0.32334374203034	Mdk	NO
chr2-92374407-92375762	0.454239786869196	0.49900591175672	Gyltl1b	NO
chr2-92431045-92431592	0.0866351755729394	0.242934706811852	Cry2	NO
chr2-93013632-93015543	0.429296752943137	0.238892664391771	Prdm11	NO
chr2-93226504-93228951	0.884304669497284	0.283639874248803	Tspan18	NO
chr2-93461823-93463110	0.624131895701293	0.199322344213865	Cd82	YES
chr2-93537128-93538631	0.15709522579591	0.0806096818566196	Gm10803	NO
chr2-94157168-94158928	0.541428464539009	0.587674253962373	Hsd17b12	NO
chr2-101722148-101723812	0.271306559271522	0.0916219944289091	Prr5l	NO
chr2-101862116-101863619	0.383464144349263	0.0514542711688168	Prr5l	NO
chr2-101982966-101983715	0.332443502570181	0.105781053895267	Ldlrad3	NO
chr2-102900773-102902036	0.228375605139918	0.0666544903475001	Cd44	NO
chr2-104121815-104123526	0.333119195128955	0.308739710056475	A930018P22Rik	NO
chr2-104741928-104743473	0.383540856595812	0.296784949393894	Depdc7	NO
chr2-105108273-105109323	0.410564833446968	0.118403190004375	Gm11060	NO
chr2-106854261-106855344	0.343590312606214	0.120779210219511	Mpped2	NO
chr2-112378526-112379757	0.437449155656695	0.344185446066954	Katnbl1	NO
chr2-118110376-118112124	0.369801590707157	0.185123289004298	Thbs1	YES
chr2-118387471-118389280	0.556922752859629	0.488439411979927	Eif2ak4	NO
chr2-119299877-119301615	0.215431225704799	0.183944029037194	Vps18	NO
chr2-119350245-119351702	0.238289557138198	0.395365338728844	Chac1	NO
chr2-121007586-121008968	0.315629413664598	0.27054139434127	Ccndbp1	NO
chr2-122466902-122468243	0.429777212438009	0.226521187930397	Slc28a2	NO
chr2-123812116-123814377	0.507333098971183	0.114448102422149	Sema6d	NO
chr2-124764117-124764832	0.147788463711739	0.0448282150015835	Gm13994	NO
chr2-127133146-127134504	0.434499647865531	0.326984184749379	Ncaph	NO
chr2-127142598-127143747	0.307274673582942	0.146788019538227	Itpripl1	NO
chr2-127269491-127271379	0.481775718501061	0.473443461667326	Stard7	NO
chr2-128284688-128286292	0.540104601418869	0.126233383465895	Gm14005	NO
chr2-128312138-128312899	0.18685094796453	0.0819554242959584	Gm14005	NO
chr2-128395256-128396289	0.250795020122057	0.187385330981054	Gm14005	NO
chr2-128697829-128699605	0.456396799497021	0.143647107494601	Mertk	NO
chr2-129296463-129298044	0.400307484322913	0.501677955049526	Ckap2l	NO
chr2-129592359-129594344	0.469476766887402	0.35855009109368	Sirpa	NO
chr2-130663587-130664958	0.440562127822712	0.463201581149816	Ddrgk1	NO
chr2-131889021-131889866	0.0756692746332807	0.11099268783692	Prnp	NO
chr2-132252272-132253797	0.576534751581349	0.525056498484385	Pcna	NO
chr2-133554245-133555113	0.163189137237325	0.0942107154811283	Bmp2	NO
chr2-137109586-137110859	0.612781202078639	0.0724398496381557	Jag1	YES
chr2-139608272-139610130	0.135414950383982	0.0873663864690272	Gm14066	NO
chr2-141954528-141955906	0.435807694455153	0.0655936727943868	Macrod2	NO
chr2-143914319-143916402	0.475468248010679	0.531775249548365	Dstn	NO
chr2-144009824-144011910	0.543252505274651	0.56539330783933	Rrbp1	NO
chr2-145769735-145770651	0.167558899123335	0.047490487479042	Rin2	NO
chr2-146510792-146512822	0.552343200731892	0.527656243203773	Ralgapa2	NO
chr2-146810439-146811135	0.22537162679048	0.055619257762809	Gm14114	NO
chr2-148679227-148679786	0.321792874418224	0.178260295360951	Gzf1	NO
chr2-148680499-148681930	0.473010196290428	0.450795937705447	Gzf1	NO
chr2-150788782-150789402	0.371274546054842	0.0553781492077059	Pygb	NO
chr2-152331724-152333003	0.406085470799155	0.364740018819906	Rbck1	NO
chr2-152343056-152344727	0.263038398266518	0.240758271815948	Trib3	NO
chr2-152349804-152350362	0.0840639084821727	0.0423139315299725	Gm14164	NO
chr2-152405311-152406738	0.464875271894301	0.362725458326147	Zcchc3	NO
chr2-152785470-152786251	0.124747210941168	0.0482550270184256	Bcl2l1	NO
chr2-152830271-152831913	0.554058581568549	0.545077562933952	Bcl2l1	NO
chr2-152846980-152848450	0.416568763102106	0.381561302200469	Tpx2	NO
chr2-154390024-154390801	0.0632678997550321	0.044988840136388	Snta1	NO
chr2-154435555-154437185	0.548654688446778	0.510735039914374	Cbfa2t2	NO
chr2-154568171-154570459	0.567500823565693	0.464594939333476	E2f1	NO
chr2-154602874-154604411	0.443478684560787	0.438502123587723	Pxmp4	NO
chr2-155073455-155075282	0.445155502984002	0.401511515781674	Ahcy	NO
chr2-155517334-155518723	0.494024494409928	0.490924256580108	Acss2	NO
chr2-155818429-155820104	0.356777910026816	0.437728051568204	Eif6	NO
chr2-157058245-157059384	0.509879558759117	0.293621417626888	Soga1	NO
chr2-157134266-157136004	0.445221258239624	0.221410545433219	Samhd1	NO
chr2-157278133-157279836	0.46871243605083	0.488197256309558	Mroh8	NO
chr2-158179497-158180199	0.108544401744761	0.158161678996188	D630003M21Rik	NO
chr2-158294563-158296159	0.11596380389937	0.0550374049151608	Bpi	NO
chr2-160366002-160368240	0.438625466514877	0.487160177411894	Mafb	NO
chr2-160871795-160873637	0.546556201979068	0.474450859694697	Zhx3	NO
chr2-161108184-161109934	0.553589260628918	0.531478921257864	Chd6	NO
chr2-163016362-163018022	0.356419337478539	0.424163224368051	Ift52	NO
chr2-163053812-163055246	0.504949938137798	0.314986287924178	Mybl2	NO
chr2-164366664-164367197	0.124392247731701	0.0337675179306495	Slpi	NO
chr2-164442484-164444145	0.397032696585229	0.170544603180606	Sdc4	NO
chr2-164460476-164461642	0.419034619713047	0.461458223734969	Gm20458	NO
chr2-164804170-164805669	0.400501502696219	0.487455060206759	Acot8	NO
chr2-165055308-165055768	0.0610382772798359	0.0665830077188677	Cd40	NO
chr2-165287060-165289150	0.467303573602922	0.492134208102564	Slc35c2	NO
chr2-165387384-165388504	0.37155483388399	0.395465887065857	Zfp334	NO
chr2-166165255-166165736	0.0345022253276253	0.0709417682863252	Sulf2	NO
chr2-166174809-166176117	0.105066217465907	0.148523776619528	Gm22687	NO
chr2-166488189-166489856	0.142340185532167	0.150938884144386	Gm14267	NO
chr2-166516867-166517670	0.478488015220521	0.105885275021193	Gm14267	NO
chr2-166905126-166907154	0.505065172716315	0.530416429998968	Cse1l	NO
chr2-167348334-167349915	0.589761944645729	0.537776279513465	B4galt5	NO
chr2-167485311-167486253	0.134889351728819	0.12106864007326	Spata2	NO
chr2-167537464-167538581	0.407857416048448	0.258855268353665	Snai1	NO
chr2-167631126-167632464	0.478699531739658	0.484375354842301	Ube2v1	NO
chr2-167688050-167690141	0.467927668051054	0.276287884351619	Cebpb	NO
chr2-167746935-167747933	0.184034583340036	0.0830081698636725	A530013C23Rik	NO
chr2-167777101-167778353	0.331777653892723	0.174375837094564	Gm14321	NO
chr2-167789305-167789707	0.0492212195880319	0.0383574877204863	9230111E07Rik	NO
chr2-167834308-167835171	0.266885099247362	0.067439400560529	1200007C13Rik	NO
chr2-168045482-168046015	0.372702428776528	0.0549009647818949	Fam65c	NO
chr2-168072418-168073337	0.19798906615562	0.10280475208335	Pard6b	NO
chr2-168153889-168154900	0.402729877462829	0.227250347374532	E130018N17Rik	NO
chr2-168158883-168159702	0.262342542941752	0.125055607353537	E130018N17Rik	NO
chr2-168170249-168170537	0.100221764249501	0.0596029468659511	Gm20716	NO
chr2-168229721-168231714	0.315597688343604	0.411008621156975	Dpm1	NO
chr2-168524441-168526041	0.674391051242067	0.181804407379851	Nfatc2	NO
chr2-168543976-168544810	0.0852493268708703	0.101378714250357	Nfatc2	NO
chr2-170307017-170308277	0.389978305778777	0.182947913968905	Bcas1	NO
chr2-170549179-170551253	0.674063791045583	0.211044242804757	4930470P17Rik	NO
chr2-172344848-172346323	0.674761121290437	0.4648914598457	Fam210b	NO
chr2-172467893-172469007	0.805421600659101	0.106755286286598	Rtfdc1	NO
chr2-172473482-172473795	0.196208584384067	0.0457204957974997	Fam209	NO
chr2-172727643-172729184	0.946452977452512	0.20857810916761	Bmp7	NO
chr2-173257383-173258249	0.49883764872785	0.186893336298909	Pmepa1	NO
chr2-173351650-173352903	0.165869330333848	0.102019216199198	Gm14642	NO
chr2-173607935-173608787	0.453793407928905	0.0684758513458237	Ankrd60	NO
chr2-174343669-174344501	0.461612785324501	0.112943228503989	Gnas	NO
chr2-178641997-178642999	0.108327065069234	0.0815286869169401	Cdh26	NO
chr2-178744542-178746074	0.0492578631639883	0.119813949221438	Cdh26	NO
chr2-178758232-178758763	0.0968316512029968	0.118232233524631	Cdh26	NO
chr2-180117525-180119939	0.573297158101683	0.476519602988595	Osbpl2	NO
chr2-180170165-180172009	0.50045287597918	0.522548803398552	Adrm1	NO
chr2-180214261-180215416	0.111776567675986	0.0594699680183088	Lama5	YES
chr2-180272748-180274184	0.478779622090128	0.494243658878466	Cables2	NO
chr2-180600407-180600980	0.280473932109004	0.0745764471551449	Col9a3	YES
chr2-180805600-180806394	0.0627721010968092	0.148605159174409	Gm14340	NO
chr2-180893700-180895084	0.25371318132165	0.452255798277131	Gm27032	NO
chr3-9513210-9514199	0.406359068971233	0.0752246279284838	Zfp704	NO
chr3-14610379-14612021	0.447369570580887	0.420405340192197	1810022K09Rik	NO
chr3-18242720-18244191	0.255094555493134	0.207031175617236	Cyp7b1	NO
chr3-19627547-19630069	0.475580610892564	0.540126592732572	1700064H15Rik	NO
chr3-19953438-19954276	0.421072893381647	0.0329281525611322	Cp	NO
chr3-27430280-27431191	0.129266543710529	0.0587700095745495	Fndc3b	NO
chr3-27983468-27984837	0.725739907402524	0.102596429458793	Pld1	NO
chr3-30594962-30595872	0.251569971262626	0.243721721165466	Actrt3	NO
chr3-31056166-31057631	0.389943652668137	0.159849940686055	Prkci	NO
chr3-32495326-32496904	0.276304894650438	0.0399214732778507	Kcnmb3	NO
chr3-35083967-35084881	0.777073541514166	0.0800136979457576	Sox2	NO
chr3-36474958-36476586	0.48588975287957	0.237407448773156	1810062G17Rik	NO
chr3-36481600-36482430	0.408688756856637	0.051900721632956	1810062G17Rik	NO
chr3-37654061-37654707	0.060114136463407	0.0692386793391189	Spry1	NO
chr3-37656965-37657411	0.0822227612782135	0.0444441576167938	Spry1	NO
chr3-37815924-37817874	0.419938963804863	0.14659571290242	Gm5148	NO
chr3-38484127-38485751	0.54107434989571	0.580643838843337	Ankrd50	NO
chr3-40949005-40951149	0.587501717120902	0.433975821883877	Larp1b	NO
chr3-51275774-51277823	0.496980375498689	0.497452980849455	Elf2	NO
chr3-53201445-53202731	0.200225333216198	0.0839661164306405	Lhfp	NO
chr3-55241785-55243828	0.363505285934003	0.398386855459946	Dclk1	NO
chr3-57735019-57737026	0.4546444291777	0.454639299142757	Rnf13	NO
chr3-62455519-62456301	0.448567146492345	0.0497091257047135	Arhgef26	NO
chr3-63870915-63871874	0.332682370973592	0.0377190294354761	Plch1	NO
chr3-65441475-65442959	0.41299502251677	0.0836188642486448	Ssr3	NO
chr3-79575338-79577039	0.595450885547401	0.0789253712100122	4930589L23Rik	NO
chr3-79627518-79629804	0.49086790318424	0.540057292256836	4930579G24Rik	NO
chr3-82875726-82877588	0.239110042065387	0.219214410084648	Rbm46	NO
chr3-83054670-83056273	0.447653691655704	0.482654529944445	Plrg1	NO
chr3-83840885-83842064	0.236606763250076	0.0924753371557165	Tlr2	NO
chr3-84252261-84253497	0.59286152778503	0.227395995598776	Trim2	NO
chr3-84269929-84271318	0.330730311639506	0.124638370434686	Trim2	NO
chr3-87907264-87907580	0.169273506264552	0.0930494203113568	Hdgf	NO
chr3-87910482-87911137	0.290228809644902	0.152086742680164	Hdgf	NO
chr3-87970106-87971936	0.528672789049711	0.276219723275251	Nes	YES
chr3-88137953-88139013	0.421365896046739	0.395452139438219	Mef2d	NO
chr3-88141814-88143616	0.526053306481203	0.536327332297206	Mef2d	NO
chr3-88177177-88178521	0.470831408524883	0.537432985073083	1700113A16Rik	NO
chr3-88488200-88488654	0.240970717347456	0.0814542903797982	Lmna	NO
chr3-88492449-88493422	0.400562153333098	0.181247371526436	Lmna	NO
chr3-88509302-88510550	0.429198703234252	0.343921381362858	Lmna	NO
chr3-88552318-88554592	0.585125259150801	0.521331058267471	Ubqln4	NO
chr3-88615644-88616236	0.151140569749141	0.066431729973896	Arhgef2	NO
chr3-89164368-89165312	0.420756833458703	0.368172615985818	Clk2	NO
chr3-89393416-89394399	0.569375493681661	0.273351312228312	Zbtb7b	NO
chr3-89417822-89419264	0.567482020458037	0.472728233942796	Cks1b	NO
chr3-89522646-89523021	0.0996677204086534	0.0916223713681895	Kcnn3	NO
chr3-89960191-89960917	0.325043975446325	0.335571597187608	Atp8b2	NO
chr3-90247526-90248908	0.478492590733854	0.423659022552852	Slc39a1	NO
chr3-90387598-90387847	0.104239964116748	0.0539062014995516	Slc27a3	NO
chr3-90412349-90413472	0.186202974350344	0.128002670672241	Ints3	NO
chr3-90555562-90557381	0.601396054830856	0.0453720407744287	S100a16	NO
chr3-94309367-94310932	0.399870520183605	0.263255862664903	Them4	NO
chr3-94371519-94372262	0.253196307299006	0.103073891311869	Rorc	NO
chr3-94372710-94373946	0.282248877733559	0.110125638116678	Rorc	NO
chr3-94412270-94414319	0.442293899333365	0.518230894391292	Tdrkh	NO
chr3-94610393-94612013	0.135845508190565	0.0957599939945915	Tuft1	NO
chr3-94836902-94838934	0.468174368332446	0.562533672333613	Pogz	NO
chr3-94953485-94955216	0.5140490836733	0.42616343259999	Rfx5	NO
chr3-95014161-95016788	0.567140672289673	0.60604171229256	Zfp687	NO
chr3-95587963-95589413	0.390813377938955	0.452955068942903	Golph3l	NO
chr3-95675502-95676113	0.20885048319114	0.105793998145338	Adamtsl4	YES
chr3-96557079-96558498	0.461548204941933	0.399513681186825	Txnip	NO
chr3-96600675-96601665	0.379099344389861	0.43891886967973	Lix1l	NO
chr3-96696033-96697809	0.621851477350135	0.321105994386258	Pias3	NO
chr3-97226536-97228404	0.640775197220146	0.48299773460827	Bcl9	NO
chr3-98318869-98319609	0.592021444173542	0.0617324874388898	Phgdh	NO
chr3-99233474-99234797	0.109341181216259	0.107699915688433	Wars2	NO
chr3-101397855-101399066	0.317785303010701	0.131676096867851	Igsf3	NO
chr3-104788333-104789544	0.465913426478337	0.140249134044203	Rhoc	NO
chr3-104793976-104794848	0.566045526627054	0.118148695326751	Rhoc	NO
chr3-104817197-104818830	0.438016660174068	0.207809319027155	Mov10	NO
chr3-104993498-104994483	0.45691928701086	0.074579055448503	Cttnbp2nl	NO
chr3-105058289-105059618	0.196436904371474	0.214283081192741	Cttnbp2nl	NO
chr3-105127803-105128286	0.0603397494420336	0.0352503663523117	4930564D02Rik	NO
chr3-105710069-105710725	0.18162756593464	0.0469734703715228	Fam212b	NO
chr3-107739955-107741276	0.463628944572448	0.109925160135854	Csf1	NO
chr3-107759466-107760944	0.432202660084446	0.216400191530945	Csf1	NO
chr3-107833412-107834661	0.59355565079093	0.129417822405135	Eps8l3	NO
chr3-107850410-107851149	0.132381340331266	0.072545711051508	Eps8l3	NO
chr3-108017218-108018840	0.537183217992735	0.273948170112122	Gstm1	NO
chr3-108200215-108200992	0.366013200153834	0.328466505426365	Cyb561d1	NO
chr3-108422849-108424786	0.360501594196298	0.323604573059749	Sars	NO
chr3-108425214-108425548	0.137129068718097	0.081880891847375	Sars	NO
chr3-108839551-108840987	0.494813409675752	0.36874869501273	Stxbp3a	NO
chr3-108857885-108858768	0.598589781460832	0.121299465026669	Fndc7	NO
chr3-108879126-108879545	0.121965788878968	0.0252512713895061	Fndc7	NO
chr3-109122375-109123921	0.281772138729281	0.183321032646368	Slc25a24	NO
chr3-115714059-115715714	0.797918523972651	0.133691382444	S1pr1	NO
chr3-116046606-116047438	0.223734712222061	0.0424591672119916	Extl2	NO
chr3-116807531-116808803	0.500647876163875	0.380458362160163	Agl	NO
chr3-121290996-121292634	0.488833476769311	0.488540138823505	Alg14	NO
chr3-121425680-121428008	0.742542895470113	0.425638813807996	Cnn3	NO
chr3-121952824-121954082	0.219931840665475	0.175132517926983	Arhgap29	NO
chr3-135437185-135439610	0.569291677853114	0.624855839700469	Ube2d3	NO
chr3-136765554-136765943	0.118498155436438	0.0399997999166533	Ppp3ca	NO
chr3-138488382-138490269	0.533859781757837	0.508393375409239	Metap1	NO
chr3-142880794-142882951	0.564010195287979	0.525303438958446	Pkn2	NO
chr3-144380903-144381280	0.285620432788566	0.0842560241555796	Hs2st1	NO
chr3-144399390-144400145	0.234374255460376	0.181480828989008	Hs2st1	NO
chr3-144506158-144506510	0.0577606791216316	0.0415063620527496	Hs2st1	NO
chr3-145884887-145886161	0.650002636748993	0.105792167311789	Ddah1	NO
chr3-145923314-145925079	0.53261252631625	0.538564801966527	Bcl10	NO
chr3-146403773-146405473	0.454439761081636	0.435354079832774	Ssx2ip	NO
chr3-152477589-152478956	0.319681736157273	0.132342040246744	Ak5	NO
chr3-152479144-152479474	0.238120891407647	0.0658626478538872	Ak5	NO
chr3-152483693-152484676	0.164268639119122	0.05197735196416	Ak5	NO
chr3-153616942-153617553	0.0844980187949255	0.0501507647141527	St6galnac3	NO
chr4-10975774-10977526	0.758328501770121	0.262654489619034	Plekhf2	NO
chr4-11006441-11008329	0.517716047066131	0.494810598504629	Plekhf2	NO
chr4-11252951-11254721	0.465509996334729	0.410981156382365	Ints8	NO
chr4-19708237-19709757	0.477473377851844	0.49659851782344	Wwp1	NO
chr4-22109396-22109851	0.0713305498411264	0.0436875603478649	Faxc	NO
chr4-31963079-31964689	0.43774841690462	0.421172881232691	Map3k7	NO
chr4-32614735-32616075	0.524691512054806	0.495683747189003	Casp8ap2	NO
chr4-33247172-33249302	0.617896766393233	0.602152147782896	Pnrc1	NO
chr4-40142258-40144054	0.508164679216017	0.517516907782222	Aco1	NO
chr4-40836927-40837948	0.160091552469297	0.0752800450595848	B4galt1	NO
chr4-40853122-40854964	0.673346031553261	0.45928223117976	B4galt1	NO
chr4-41134611-41136779	0.494905206245419	0.522223239294055	Ube2r2	NO
chr4-41464118-41465634	0.505946266419416	0.527870584453827	Kif24	NO
chr4-41470107-41471523	0.328489758011547	0.312532020328476	Nudt2	NO
chr4-41567977-41570079	0.46140724887073	0.557977855267258	Fam219a	NO
chr4-41740351-41741853	0.461211911300154	0.39842476825412	Sigmar1	NO
chr4-41754882-41756498	0.333829703626921	0.334171608750763	Galt	NO
chr4-41761615-41762888	0.176871245353726	0.145004577721724	Il11ra1	NO
chr4-42953415-42954079	0.290168037870661	0.140804568843776	Dnajb5	NO
chr4-42999500-43001038	0.511499338431091	0.547528595887173	Vcp	NO
chr4-43039188-43040581	0.453787396671863	0.490790075222199	Fam214b	NO
chr4-43492074-43494137	0.516888090151541	0.555129039497961	Ccdc107	NO
chr4-43561718-43563260	0.443161170972386	0.443290026021329	Creb3	NO
chr4-43655788-43657424	0.470444025548053	0.472376718856544	Hint2	NO
chr4-43956888-43958658	0.338464856818153	0.344841672650738	Glipr2	NO
chr4-45011518-45013217	0.562663468682486	0.589851455548647	Zbtb5	NO
chr4-45489113-45490670	0.291823110961738	0.172990496414332	Shb	YES
chr4-45510191-45510443	0.0769309849391999	0.0601258047895979	Shb	YES
chr4-45889946-45890631	0.128535842688627	0.0842773601216227	E230008N13Rik	NO
chr4-46137677-46139312	0.381656284631993	0.383370745618744	Ncbp1	NO
chr4-46303833-46305743	0.300358123581949	0.350699549964166	Foxe1	NO
chr4-47351355-47354015	0.590512359452339	0.478831065345488	Tgfbr1	NO
chr4-49149699-49150721	0.0555948590647259	0.103332916226286	Lppr1	NO
chr4-55650284-55652339	0.453907166174781	0.268042632431942	Gm12506	NO
chr4-56113074-56114240	0.431885860979318	0.0704860569514246	2310081O03Rik	NO
chr4-56864062-56865611	0.460300944272595	0.3024340514965	Ctnnal1	NO
chr4-57139336-57139765	0.275683809973563	0.0678459578994157	Epb4.1l4b	NO
chr4-57153256-57154170	0.242803488803437	0.068424359138928	Epb4.1l4b	NO
chr4-57844889-57845890	0.285644595194036	0.0553242341011739	Akap2	NO
chr4-57955409-57957478	0.594945653472374	0.448880714138103	Txn1	NO
chr4-63213778-63216836	0.488584161646463	0.252827942707134	Col27a1	NO
chr4-63233559-63233850	0.0890870022120986	0.0616628352256708	Col27a1	NO
chr4-63260518-63260936	0.139763135686312	0.0399119900748869	Col27a1	NO
chr4-63315993-63316619	0.0702858106221966	0.0502632831917822	Col27a1	NO
chr4-63402761-63403594	0.46048865528591	0.243091010558017	Akna	NO
chr4-65477056-65477552	0.120383533797823	0.0278074968401602	Astn2	NO
chr4-83524563-83526069	0.502387196581221	0.519787165070253	Ccdc171	NO
chr4-84522946-84524245	0.458519773431322	0.0750515949493187	Bnc2	NO
chr4-86747777-86749763	0.50863508088827	0.301043126968601	Dennd4c	NO
chr4-88438358-88439175	0.159233584400215	0.0957380482130501	Ptplad2	NO
chr4-89687759-89689169	0.528863245139338	0.151586225030971	Dmrta1	NO
chr4-95051261-95053965	0.668834003267508	0.567376235109412	Jun	NO
chr4-100664603-100665296	0.13968349406673	0.0867640616029175	Cachd1	NO
chr4-106650166-106651741	0.382563454602552	0.404876783298366	Pars2	NO
chr4-106785287-106786635	0.469290365851248	0.219546738239573	Acot11	NO
chr4-106847680-106849028	0.348817940021986	0.114387422291641	Gm12746	NO
chr4-107177810-107179737	0.446938477155226	0.483914948559688	Tmem59	NO
chr4-107576608-107577407	0.133760169209938	0.0552208280299033	Glis1	NO
chr4-107801392-107804072	0.525704469447878	0.485996985153487	Lrp8	NO
chr4-107922629-107923949	0.45315936214721	0.232013339964044	Cpt2	NO
chr4-109117502-109118574	0.459766340506509	0.242677069894344	Osbpl9	NO
chr4-111719351-111721313	0.38995962205064	0.13553389429408	Spata6	NO
chr4-114495746-114496371	0.0328325056926157	0.04337806293621	Trabd2b	NO
chr4-114907591-114909484	0.32110691374391	0.261199143159881	Foxd2	NO
chr4-116149835-116151206	0.377149361730095	0.281403865133353	Pomgnt1	NO
chr4-117125389-117126353	0.238581877859771	0.270553272851568	Btbd19	NO
chr4-117251265-117252595	0.49655984756564	0.323530262033119	Tmem53	NO
chr4-117914201-117915927	0.418092504827687	0.446808943848242	Ipo13	NO
chr4-118028869-118029293	0.079789685646587	0.0624301226508917	St3gal3	NO
chr4-118178978-118180880	0.500988689864258	0.544998498811578	Kdm4a	NO
chr4-119107827-119109438	0.652261847322191	0.421189068705978	Slc2a1	NO
chr4-119121274-119121596	0.114998357736886	0.0388244853350154	Slc2a1	NO
chr4-119467827-119468414	0.0427652980941701	0.10156198925258	Rimkla	NO
chr4-120148235-120149552	0.528381275588161	0.196631008981292	Hivep3	NO
chr4-120242266-120243419	0.721358440686014	0.356784889176326	Foxo6	NO
chr4-120253344-120253864	0.414010557408381	0.179264603052227	Foxo6	NO
chr4-120282305-120283418	0.672972909621519	0.382464661325656	Foxo6	NO
chr4-120380282-120381485	0.234376103910196	0.215989510280488	Scmh1	NO
chr4-122959911-122961472	0.483900254382994	0.261523609359997	Mfsd2a	NO
chr4-123283437-123284420	0.15167207187797	0.111972734692425	Pabpc4	NO
chr4-123411090-123412726	0.548151995913388	0.386895917088342	Macf1	NO
chr4-123588453-123589285	0.235158517327225	0.0786406320296914	Macf1	NO
chr4-123593836-123594880	0.230089189419472	0.0780811408052664	Macf1	NO
chr4-123903945-123905579	0.456400789403253	0.442581229292572	Mycbp	NO
chr4-124570834-124571442	0.557398156048608	0.0642181693862403	4933407E24Rik	NO
chr4-124656659-124658976	0.378875322291914	0.49770047324039	Pou3f1	NO
chr4-125114328-125115190	0.11722119735965	0.188347497441571	Meaf6	NO
chr4-125735370-125735714	0.038088992547135	0.0510215327199911	Grik3	NO
chr4-126103005-126104726	0.481607110439334	0.51465885282443	Stk40	NO
chr4-126201512-126203339	0.546154797764498	0.498546571855153	Thrap3	NO
chr4-126226641-126228145	0.231795433562196	0.205202297366673	Map7d1	NO
chr4-126261807-126262824	0.432636292411329	0.432199781203238	Trappc3	NO
chr4-126465720-126466409	0.281983749118731	0.211420255529761	Ago1	NO
chr4-126752613-126754245	0.484575873020772	0.507360769929094	Ncdn	NO
chr4-127020729-127022637	0.498712834736296	0.555295177751142	Sfpq	NO
chr4-127243139-127244396	0.383422875174164	0.395252935129652	Smim12	NO
chr4-127367994-127369147	0.133143986965565	0.219421680453522	Gjb5	NO
chr4-127980974-127981434	0.19597129976583	0.0267427620047167	Csmd2	NO
chr4-128004613-128005582	0.356543380147733	0.0369625036524278	Csmd2	NO
chr4-128217689-128218402	0.0433677862757062	0.049792880336933	Csmd2	NO
chr4-128609336-128610985	0.439920774521765	0.505371983827975	Zscan20	NO
chr4-128736882-128737578	0.48161661490356	0.0808615203435224	Phc2	NO
chr4-128839833-128840808	0.0886667768188974	0.0888249017856156	Gm12968	NO
chr4-129188582-129190824	0.545425189842447	0.534010431071401	Yars	NO
chr4-129334591-129336467	0.552476765553871	0.603458810077047	Zbtb8os	NO
chr4-129460771-129462448	0.480571863722544	0.550166643252772	Bsdc1	NO
chr4-129541684-129543236	0.552903865993809	0.384107029649799	Hdac1	NO
chr4-129639965-129641509	0.466349673557988	0.542850126945651	Txlna	NO
chr4-129966099-129966689	0.326827483521814	0.136779457793336	1700003M07Rik	NO
chr4-130519358-130520872	0.341911802139414	0.488253093784885	Nkain1	NO
chr4-131236163-131237408	0.785592129349866	0.137506919495755	A930031H19Rik	NO
chr4-132076723-132076977	0.16269966892854	0.0482708104204275	Gm10300	NO
chr4-132344777-132345980	0.382027465668256	0.315498517463184	Rcc1	NO
chr4-132509374-132510797	0.473688251327864	0.411542155556474	Sesn2	NO
chr4-133011110-133013639	0.509970101308275	0.496657131436732	Ahdc1	NO
chr4-133338506-133339981	0.441557881554799	0.498932114715822	Wdtc1	NO
chr4-133378194-133379267	0.0890535737316114	0.104721306352172	Slc9a1	NO
chr4-133479508-133480753	0.387673032922681	0.382986090013342	Fam46b	NO
chr4-133562695-133563660	0.135233709718475	0.0428528607054477	Nr0b2	NO
chr4-133613984-133614879	0.1341823959469	0.0701541682127389	Zdhhc18	NO
chr4-133728990-133730705	0.424943141278567	0.393547235861102	Arid1a	NO
chr4-133756476-133757776	0.506824645474974	0.420769513837894	Arid1a	NO
chr4-133863861-133865162	0.138330367383932	0.0766191257579661	Rps6ka1	NO
chr4-134534195-134535975	0.541526129906135	0.430670020079306	Mtfr1l	NO
chr4-134631385-134632443	0.408006100208642	0.130003011337431	Man1c1	NO
chr4-134703005-134705025	0.519497234917047	0.49785783560907	Man1c1	NO
chr4-134950335-134951071	0.215959096156221	0.139426126627142	Syf2	NO
chr4-135079705-135080782	0.210821848688517	0.0597783450087795	Gm16225	NO
chr4-135271855-135273539	0.629470574056747	0.462539213004955	Clic4	NO
chr4-135297857-135298727	0.526379860234167	0.0673812638448565	Srrm1	NO
chr4-135306610-135307721	0.119350826541713	0.0973290362733529	Srrm1	NO
chr4-135352272-135354339	0.515959538045415	0.541489561926261	Srrm1	NO
chr4-135873261-135874268	0.440997788302332	0.40905773417016	Pnrc2	NO
chr4-135964498-135964708	0.110859964081808	0.0900371965177994	Gale	NO
chr4-136020631-136022168	0.494003070358595	0.449230631823753	Tceb3	NO
chr4-136030938-136031879	0.115059098403531	0.0565228256595415	Rpl11	NO
chr4-136140251-136140631	0.423254412485923	0.148633209954981	Id3	NO
chr4-136143522-136144202	0.43454442236716	0.227960724665881	Id3	NO
chr4-136177542-136178302	0.124123645960516	0.101004209669203	E2f2	NO
chr4-136309731-136311728	0.551798246475364	0.52068926610024	Hnrnpr	NO
chr4-136649558-136649899	0.0624045906169466	0.0898753839554076	Ephb2	YES
chr4-137467883-137469630	0.674883829522238	0.342835982838972	Hspg2	NO
chr4-137706780-137707970	0.369897092259871	0.343641924208988	Rap1gap	NO
chr4-137861386-137862631	0.430673704943026	0.421432165314617	Ece1	NO
chr4-137907722-137908276	0.131006667876117	0.108527196093019	Ece1	NO
chr4-137930391-137931542	0.49439560062285	0.133729487719989	Ece1	NO
chr4-138215619-138217743	0.549630984287126	0.538189252325874	Hp1bp3	NO
chr4-138303683-138305285	0.502143209985567	0.490644432401261	Ddost	NO
chr4-139191879-139193991	0.514056543929502	0.487710172832148	Capzb	NO
chr4-139232529-139233098	0.0936710416157743	0.0538342692688829	Capzb	NO
chr4-139500645-139501231	0.094907456265816	0.077062423544394	Ubr4	NO
chr4-139580865-139581714	0.0821112377095299	0.0956463264889825	Iffo2	NO
chr4-139622165-139623462	0.437574355817305	0.4960153196848	Aldh4a1	NO
chr4-139967532-139968261	0.0889469442351412	0.0762757716766605	Klhdc7a	NO
chr4-140910562-140911201	0.141529140234582	0.0950936896098255	Padi2	NO
chr4-140914615-140915556	0.249729722227277	0.0662423130876745	Padi2	NO
chr4-140960612-140961927	0.431173547202915	0.458140024765115	Sdhb	NO
chr4-141020272-141021876	0.60599271601039	0.214203716708013	Crocc	NO
chr4-141031592-141032125	0.206140706082172	0.19608879051936	Crocc	NO
chr4-141059655-141061297	0.599666439483124	0.544431437982354	Crocc	NO
chr4-141238895-141239728	0.362858426546462	0.177453268558912	Arhgef19	NO
chr4-141256614-141256977	0.0680931175092897	0.0408997976346739	Arhgef19	NO
chr4-141558523-141560261	0.310102835541474	0.330262809498015	Fblim1	NO
chr4-141790108-141791161	0.458577800871104	0.506347757972423	Dnajc16	NO
chr4-141901590-141902480	0.488458397614852	0.146355545910364	Fhad1	NO
chr4-142097880-142098689	0.134071028623905	0.136959817508667	Kazn	NO
chr4-143298323-143299671	0.503998757953835	0.137144717476607	Pdpn	NO
chr4-148038175-148039821	0.522369317538322	0.57517035805684	Clcn6	NO
chr4-148040543-148041547	0.246879884717396	0.219115654439396	Mthfr	NO
chr4-148158643-148160771	0.470914811203424	0.434676448306566	Fbxo44	NO
chr4-148590505-148592324	0.512897918020049	0.523139571128358	Srm	NO
chr4-149425559-149427149	0.568977673308241	0.539165163246381	Ube4b	NO
chr4-149484569-149486131	0.386366943567938	0.317748853914879	Lzic	NO
chr4-149517277-149519043	0.512552119034777	0.490562031848335	Ctnnbip1	NO
chr4-149875402-149876502	0.274530340565791	0.167164177642292	Spsb1	NO
chr4-149942958-149943417	0.0602272495314417	0.063431102933164	Spsb1	NO
chr4-149953708-149955488	0.491440473663745	0.391364149070097	Spsb1	NO
chr4-149979602-149980272	0.189050091115232	0.218969100816346	H6pd	NO
chr4-150212294-150213123	0.256218259226453	0.103074289058266	Car6	NO
chr4-150236229-150237880	0.649363327142498	0.487924340192673	Eno1	NO
chr4-151139144-151139792	0.253785298748831	0.243604410700184	Camta1	NO
chr4-151860453-151863021	0.599924696108892	0.627249219154711	Camta1	NO
chr4-152010112-152010495	0.153104819989774	0.0653381402452708	Klhl21	NO
chr4-152184391-152186214	0.422742077518986	0.263094956505517	Acot7	NO
chr4-152186393-152186965	0.184839540930331	0.0804552422225869	Acot7	NO
chr4-153956355-153958136	0.507490714435234	0.5199498647993	A430005L14Rik	NO
chr4-154159864-154161324	0.430351412633465	0.497111372248382	Tprgl	NO
chr4-154393322-154394560	0.200560848814009	0.133396892391559	Prdm16	NO
chr4-154424755-154426037	0.184929332693239	0.129231819504096	Prdm16	NO
chr4-154471398-154472078	0.138435467065368	0.0991846233014265	Prdm16	NO
chr4-154499468-154500332	0.723814803412232	0.202752537701875	Prdm16	NO
chr4-154512422-154512964	0.509533138446667	0.0510318707823484	Prdm16	NO
chr4-154535545-154536122	0.0943326324361789	0.0533582107590412	Prdm16	NO
chr4-154549524-154550443	0.609912166768062	0.131746959585603	Prdm16	NO
chr4-154570542-154571024	0.273846229628123	0.0953023368146948	Prdm16	NO
chr4-154599659-154600470	0.597781440041523	0.101128023185512	Prdm16	NO
chr4-154635339-154637198	0.630525370689235	0.276664004779988	Prdm16	NO
chr4-154838346-154840596	0.239882585224907	0.154996643823924	Gm13113	NO
chr4-155085565-155087395	0.501680012844755	0.539337417312774	Morn1	NO
chr4-155164584-155164880	0.0624968770230646	0.0504005151097797	Ski	NO
chr4-155172893-155173918	0.408583954365408	0.143092450194747	Ski	NO
chr4-155189526-155189889	0.0483458229819922	0.0598693400131759	Ski	NO
chr4-155233638-155236122	0.86009282010438	0.302470323971743	Ski	NO
chr4-155562490-155564332	0.596554209725858	0.507797558217413	Nadk	NO
chr4-155942583-155944566	0.428966295482206	0.416766138758635	Ube2j2	NO
chr4-156108559-156110452	0.517118946921543	0.505827758470242	9430015G10Rik	NO
chr4-156188632-156189231	0.377386442304483	0.10458221840528	Agrn	NO
chr4-156196135-156198179	0.63581156770507	0.485519042113166	Agrn	NO
chr4-156202646-156204377	0.519947463827916	0.227604845893309	AW011738	NO
chr5-3646664-3648519	0.471328051915454	0.321696479712741	Gatad1	NO
chr5-5663056-5664978	0.3610361904011	0.30101533359332	Cfap69	NO
chr5-19225861-19228372	0.522173364468343	0.321266370274714	Magi2	NO
chr5-20881143-20883075	0.546366560166793	0.591184375192159	Phtf2	NO
chr5-23385591-23387331	0.282429431798729	0.265588198947503	5031425E22Rik	NO
chr5-24444522-24445769	0.411571304520052	0.404999496940563	Fastk	NO
chr5-24451261-24453965	0.478209464106201	0.501492895970777	Agap3	NO
chr5-24611502-24612722	0.681753177327693	0.15402007852561	Smarcd3	NO
chr5-24684531-24686526	0.591391037983488	0.500819618776169	Nub1	NO
chr5-24841609-24843617	0.500917955692301	0.572062283884776	Rheb	NO
chr5-24907678-24909555	0.56900898146155	0.469379618204459	Prkag2	NO
chr5-25528882-25530484	0.565747666289389	0.51066183087355	1700096K18Rik	NO
chr5-30231501-30233434	0.428496468049308	0.538608509574969	Ept1	NO
chr5-30913225-30913504	0.136922352577677	0.0836645133874726	Emilin1	NO
chr5-31290283-31291538	0.357930932444229	0.419084479394215	Ift172	NO
chr5-33245664-33246136	0.0620023094326399	0.0694493427136761	Ctbp1	NO
chr5-33628715-33630677	0.527691154213316	0.541398253115714	Fam53a	NO
chr5-33651337-33653058	0.58906023522265	0.484118960734632	Slbp	NO
chr5-33694812-33695980	0.800458878638453	0.22332117762296	Tacc3	NO
chr5-34168873-34170205	0.479548530330602	0.498928927189204	Haus3	NO
chr5-34186838-34188612	0.535805566408831	0.511875251833891	Mxd4	NO
chr5-34368670-34370831	0.558520844346116	0.555902254142945	Fam193a	NO
chr5-34659267-34661303	0.532270443118646	0.532250726817874	Grk4	NO
chr5-34760713-34762685	0.437296853204474	0.507704932579155	Htt	NO
chr5-34948552-34950234	0.513174563066802	0.308851076715913	Rgs12	NO
chr5-35013415-35014494	0.132271024233561	0.118903740006887	Rgs12	NO
chr5-35055141-35055380	0.0570236880470667	0.0455289784793191	Dok7	NO
chr5-35188850-35189611	0.259743732892873	0.0898206281093695	Lrpap1	NO
chr5-35255095-35255638	0.0466885515247092	0.0588454439132131	Adra2c	NO
chr5-35609335-35609794	0.15229479006193	0.0639353570396105	Acox3	NO
chr5-36483338-36485162	0.503936306103113	0.537591109865765	Tada2b	NO
chr5-36580905-36582786	0.534631498927332	0.540876263062088	Tbc1d14	NO
chr5-36988204-36989838	0.506284547673797	0.408244330052925	Wfs1	NO
chr5-52996310-52997347	0.241127893955338	0.0534571729551878	Slc34a2	NO
chr5-53997729-53999560	0.542852898608746	0.489523138337931	Stim2	NO
chr5-63967807-63969768	0.694831438243939	0.308437554913278	Rell1	NO
chr5-64045403-64045851	0.208111815769186	0.125696216893019	Pgm1	NO
chr5-64811597-64811879	0.170078348373099	0.0590322070146131	Klf3	NO
chr5-66259191-66260568	0.258697930709066	0.23324234265574	Nsun7	NO
chr5-67842201-67842672	0.292712948177137	0.0698720249128455	Atp8a1	NO
chr5-72913544-72915595	0.579074507321367	0.495451630067544	Slain2	NO
chr5-73489927-73492880	0.571183758263073	0.582181839658136	Dcun1d4	NO
chr5-90890554-90891806	0.174064345948788	0.113903995106468	Cxcl1	NO
chr5-90902576-90904187	0.121458328334836	0.0981388722537164	Cxcl2	NO
chr5-92082388-92084374	0.489556204139407	0.549087298632276	G3bp2	NO
chr5-92277327-92279388	0.307939119769453	0.207056983153298	Naaa	NO
chr5-92924545-92925475	0.104972924673686	0.0988756356370389	Shroom3	NO
chr5-93144723-93145608	0.241326539641099	0.0618171046468039	Sept11	NO
chr5-96794439-96795230	0.0401585182908049	0.0600177654662134	Anxa3	NO
chr5-102395471-102396003	0.049120637323468	0.0359979919901091	Arhgap24	NO
chr5-103424372-103425982	0.638607613002938	0.297246204858374	Ptpn13	NO
chr5-105494117-105494714	0.0841848504240543	0.0775843091649529	Lrrc8b	NO
chr5-105566644-105567323	0.163356269586678	0.0360968568036769	Lrrc8c	NO
chr5-107087704-107088803	0.241684278210063	0.143053362614651	Tgfbr3	NO
chr5-107110311-107111391	0.119514703694125	0.0840828810150607	Tgfbr3	NO
chr5-107221811-107222779	0.0435188281295742	0.0579444521780768	Tgfbr3	NO
chr5-107436883-107438669	0.379431084715633	0.378111607811427	Btbd8	NO
chr5-110447465-110449593	0.48122360959185	0.435654780430852	Fbrsl1	NO
chr5-110769782-110771402	0.557291983185378	0.600210401229698	Ep400	NO
chr5-111194860-111196259	0.230298418354746	0.224484712801346	Ttc28	NO
chr5-111200417-111201815	0.465802155833586	0.248724273576088	Ttc28	NO
chr5-111580847-111582396	0.451724106558874	0.290907389983856	C130026L21Rik	NO
chr5-111619844-111620317	0.208943755533782	0.0788391494513462	C130026L21Rik	NO
chr5-112132398-112134534	0.77963291246643	0.220817199029159	1700028D13Rik	NO
chr5-112275807-112277336	0.569332987759458	0.599832709620989	Tpst2	NO
chr5-112371628-112372778	0.538674270797555	0.237382497611539	Hps4	NO
chr5-113132683-113133729	0.708680522102288	0.0948004174207189	2900026A02Rik	NO
chr5-113164410-113165779	0.24354533110946	0.195347207464556	2900026A02Rik	NO
chr5-113799784-113800799	0.0791376950218763	0.147447683646664	Tmem119	NO
chr5-114370213-114370744	0.167382507017478	0.0329565846702994	Kctd10	NO
chr5-114443492-114444903	0.49216236532096	0.488260202106822	Mmab	NO
chr5-114553584-114553856	0.0444327967279481	0.0583891277427682	Gm13790	NO
chr5-114664734-114665124	0.275643419979445	0.0405888347735876	Gltp	NO
chr5-115118778-115119679	0.400464782639248	0.145260856856193	Acads	NO
chr5-115157161-115159150	0.564908723066861	0.583311631279931	Mlec	NO
chr5-115436031-115437168	0.815817707096893	0.334495593174076	Msi1	NO
chr5-115514598-115515570	0.232426849536805	0.0835488931410656	Pxn	NO
chr5-115543478-115544254	0.440434918274471	0.121661828030051	Pxn	NO
chr5-116409553-116410553	0.230916039558563	0.0887046837711471	Hspb8	NO
chr5-116420562-116421158	0.614205674863938	0.0785542900339187	Hspb8	NO
chr5-118108120-118109071	0.308181631024807	0.194350149199611	Fbxw8	NO
chr5-118213743-118215127	0.463126624657002	0.275447022520713	Rnft2	NO
chr5-119669839-119671134	0.412188484857362	0.259414477623946	Tbx3	NO
chr5-120115706-120117057	0.31634533344216	0.384315634347034	Rbm19	NO
chr5-120501988-120504027	0.398288977156794	0.439514610061158	Plbd2	NO
chr5-120811811-120813226	0.239788190079572	0.216660665094012	Oas1c	NO
chr5-121835998-121837748	0.537284692598191	0.395359283140004	Sh2b3	NO
chr5-121847938-121849354	0.416422465569199	0.403728643901641	Fam109a	NO
chr5-122085429-122086489	0.274857996916999	0.11917609801649	Myl2	NO
chr5-122371483-122373101	0.421478851207475	0.480921704496843	Gpn3	NO
chr5-122501118-122503961	0.56100435736869	0.576214979632402	Atp2a2	NO
chr5-122636905-122637702	0.126408621013478	0.0806520473586999	P2rx7	NO
chr5-122820275-122822005	0.445539014596684	0.498854144422109	Anapc5	NO
chr5-122849242-122850983	0.511531657717244	0.538414191348368	Rnf34	NO
chr5-122899159-122901181	0.452110233354697	0.500532739397697	Kdm2b	NO
chr5-123251365-123252373	0.324095973962038	0.308367384490112	Wdr66	NO
chr5-123748487-123750060	0.496734323665225	0.530735359209351	Rsrc2	NO
chr5-124326800-124328659	0.543163922320021	0.587502392788948	Mphosph9	NO
chr5-124438968-124440522	0.476473716972584	0.410379197380033	Setd8	NO
chr5-124539912-124541524	0.448193202348529	0.437793261704183	Tmed2	NO
chr5-124899802-124900574	0.170946944632262	0.201007468334856	Zfp664	NO
chr5-124950337-124951856	0.298994028436766	0.143381848242244	Zfp664	NO
chr5-125139888-125141797	0.708727901416852	0.324172852723807	Ncor2	NO
chr5-125226114-125226636	0.264765182258508	0.110532347461606	Ncor2	NO
chr5-125267103-125268636	0.184300241849419	0.282836011477417	Scarb1	NO
chr5-125464938-125466157	0.515808565503088	0.416079100004109	Bri3bp	NO
chr5-131645368-131646246	0.735115732477487	0.169174727179917	Auts2	NO
chr5-131774610-131775906	0.314998082169922	0.314016994243573	Auts2	NO
chr5-134313299-134315395	0.65005561265863	0.558281908658568	Gtf2i	NO
chr5-134638351-134639996	0.496490702069171	0.46655882972203	Eif4h	NO
chr5-134687913-134689630	0.553513348331201	0.557631549664462	Limk1	NO
chr5-135008306-135010187	0.559054707098123	0.613647706228754	Abhd11	NO
chr5-135076962-135078734	0.448271952043314	0.47067465986541	Vps37d	NO
chr5-135148434-135150183	0.653008563043091	0.477399465017962	Tbl2	NO
chr5-135253596-135254437	0.881198208182465	0.118051661100781	Fzd9	NO
chr5-135263812-135264901	0.545990419181198	0.0681892069799928	Fzd9	NO
chr5-135460158-135460968	0.142916129566984	0.0854211918943612	Hip1	NO
chr5-135544126-135546101	0.53531015657503	0.570442492741699	Hip1	NO
chr5-135957000-135957978	0.418588106163373	0.419668288048327	Ssc4d	NO
chr5-135961927-135963511	0.482037004809583	0.593167104180462	Ssc4d	NO
chr5-136051155-136052192	0.21455668110656	0.0612788821932656	Upk3bl	NO
chr5-136170072-136171326	0.374835914595474	0.377191502514932	Orai2	NO
chr5-136402990-136404283	0.240803082982393	0.142083125782052	Cux1	NO
chr5-137301311-137301561	0.189634603336112	0.0515374420947956	Srrt	NO
chr5-137599550-137601568	0.479083200432811	0.491772068945902	Mospd3	NO
chr5-137759751-137760504	0.725590546933842	0.137157419504237	Tsc22d4	NO
chr5-138193734-138195546	0.342226758669078	0.339192117755234	Mblac1	NO
chr5-138881208-138881876	0.162774248908042	0.038398305866706	Gm5294	NO
chr5-138969689-138970448	0.189329716332411	0.0495849262741996	Pdgfa	NO
chr5-138988641-138989112	0.178861760597395	0.0574061899188919	Pdgfa	NO
chr5-139148955-139150863	0.538769623192861	0.533059426984709	Heatr2	NO
chr5-139343731-139345657	0.403775866678235	0.412039187371194	Cox19	NO
chr5-139371518-139372982	0.337291191716125	0.394972130363091	3110082I17Rik	NO
chr5-139379018-139379298	0.118451986315118	0.0369317951282349	Gpr146	NO
chr5-139380047-139381136	0.431979863817645	0.187263662993344	Gpr146	NO
chr5-139389106-139390023	0.110995790036879	0.055568079480459	Gpr146	NO
chr5-139398003-139398779	0.165320141142273	0.155657647286285	3110082I17Rik	NO
chr5-139718539-139719264	0.052255813949099	0.056665974627668	Micall2	YES
chr5-139730768-139731500	0.0409692688290892	0.060235481037907	Micall2	YES
chr5-139735660-139736970	0.547643863598352	0.283501440085674	Micall2	YES
chr5-139796825-139798487	0.54388111064921	0.333231635541109	Mafk	NO
chr5-140093438-140094058	0.0567296207864672	0.156434302167356	Mad1l1	NO
chr5-140101458-140102106	0.122881309726451	0.115612295635454	Mad1l1	NO
chr5-140548755-140550164	0.938310801532357	0.115741026646418	Grifin	NO
chr5-140565111-140566216	0.343225950101695	0.0799489837644687	Grifin	NO
chr5-140582988-140584392	0.567540921808646	0.137393386179536	Grifin	NO
chr5-140610740-140612017	0.631699973132985	0.191335391800328	Lfng	YES
chr5-140647671-140649617	0.557967534750872	0.544952387570588	Ttyh3	NO
chr5-140659390-140660820	1.02560295931644	0.142405381294598	Iqce	NO
chr5-140704003-140705585	0.59774286602397	0.57615233079302	Brat1	NO
chr5-140767526-140768698	0.228014026699903	0.109721450121189	Gna12	NO
chr5-140790508-140791949	0.461966501660778	0.173373727345847	Gna12	NO
chr5-140829259-140831468	0.491776307641656	0.555071795594544	Gna12	NO
chr5-142439831-142441151	0.381687609122345	0.162784073563201	Foxk1	NO
chr5-142817133-142818226	0.519751698614403	0.548496337643772	Tnrc18	NO
chr5-142920726-142921141	0.0599773752629588	0.0404313169985338	Actb	NO
chr5-142928886-142929656	0.189000982405284	0.0917024181676406	Actb	NO
chr5-142964141-142964522	0.271169034702957	0.148377050550223	Fscn1	NO
chr5-143731331-143733070	0.546986412716886	0.512799770361259	Usp42	NO
chr5-144946013-144946370	0.120552851839209	0.0425224800602263	Smurf1	NO
chr5-146571829-146572941	0.107471587352225	0.170877907022344	Gpr12	NO
chr5-146627842-146628481	0.190902407943263	0.0602587608550895	Gpr12	NO
chr5-147716238-147717061	0.0929916558120121	0.058483415755664	Flt1	NO
chr5-148551432-148553444	0.549680503685837	0.495537957280129	Ubl3	NO
chr5-148707315-148708620	0.143293195961332	0.171958826403109	2210417A02Rik	NO
chr5-149183293-149185672	0.531148002150889	0.589566640498146	Uspl1	NO
chr5-149523914-149524948	0.574977906142958	0.362396130190098	Gm15997	NO
chr5-151189701-151190470	0.191556526485646	0.141964096385781	Stard13	NO
chr6-5495792-5497119	0.312608961156571	0.147526962560661	Pdk4	NO
chr6-8208188-8210064	0.49266688894552	0.411392982963229	Mios	NO
chr6-12518298-12519522	0.0355842195449709	0.127270578717298	Thsd7a	NO
chr6-17169773-17172074	0.523099303532106	0.18947159201416	D830026I12Rik	NO
chr6-24954690-24956929	0.504079228125041	0.322306553668915	Tmem229a	NO
chr6-29211281-29212635	0.333060421776598	0.360602389781643	Impdh1	NO
chr6-31075262-31076398	0.316220511172043	0.227735686395894	Gm13834	NO
chr6-33804786-33805117	0.209128639796882	0.0328447378032777	Exoc4	NO
chr6-33870551-33871008	0.120051143503461	0.108860199880094	Exoc4	NO
chr6-34493157-34493960	0.225861195714092	0.0466051397010458	Bpgm	NO
chr6-34597985-34599787	0.185554440656854	0.0787237228580754	Cald1	NO
chr6-34886887-34887966	0.278839802922499	0.0766185231947006	Wdr91	NO
chr6-37430835-37432126	0.229776481385781	0.0541327662291391	Creb3l2	NO
chr6-37440978-37443131	0.504939091617514	0.52531053652923	Creb3l2	NO
chr6-37657304-37658977	0.0402998794507494	0.0821868829168142	Akr1d1	NO
chr6-37869826-37871850	0.578749682894642	0.542034023526506	Trim24	NO
chr6-39054199-39055169	0.234727812026091	0.104635085112827	Tbxas1	NO
chr6-42348728-42351242	0.57309323608416	0.331537638088462	Zyx	NO
chr6-43664825-43666871	0.447565824623212	0.498107564143016	Tpk1	NO
chr6-47239076-47240140	0.557430022467422	0.190577658425992	Cntnap2	NO
chr6-47812580-47814002	0.555094937231779	0.524937675064501	Pdia4	NO
chr6-47876847-47878560	0.471964225701364	0.353327465121063	Zfp282	NO
chr6-49020753-49022017	0.942157103800524	0.0630201821217523	Gpnmb	NO
chr6-50381419-50382069	0.0560057366875842	0.0427531635249463	Osbpl3	NO
chr6-53572323-53573993	0.80664423087265	0.176238124948395	Creb5	NO
chr6-54592742-54593594	0.277810951082384	0.328627196899864	Fkbp14	NO
chr6-54680764-54682852	0.456530864295928	0.533419260198131	Mturn	NO
chr6-67035913-67037777	0.503876422899623	0.339684255539853	Gadd45a	NO
chr6-70790980-70792985	0.534402964337942	0.414242846018941	Rpia	NO
chr6-70911482-70912704	0.100316639202447	0.139332744680012	Tex37	NO
chr6-71074492-71075604	0.327034143939386	0.0513959799513483	Thnsl2	NO
chr6-71542890-71544752	0.408027256324061	0.408407558405833	Chmp3	NO
chr6-72454050-72455370	0.132939701803091	0.0658668953987855	Mat2a	NO
chr6-72512120-72513510	0.549173742287195	0.336753298161963	Sh2d6	NO
chr6-72926723-72927375	0.0496335554910614	0.0356593502437067	Gm26640	NO
chr6-82651983-82653360	0.49752393738574	0.432236705337264	Pole4	NO
chr6-82996386-82997451	0.254424947484551	0.242681995978729	M1ap	NO
chr6-83053416-83055387	0.49330927459901	0.535430385278398	Htra2	NO
chr6-83120914-83122369	0.483291691070567	0.513333267392049	Wbp1	NO
chr6-83136631-83138393	0.288199688169534	0.163525510035346	Rtkn	NO
chr6-83316713-83318303	0.384748925648705	0.42198653681095	Mthfd2	NO
chr6-83412419-83413405	0.112655134206093	0.0817102554344952	Tet3	NO
chr6-83443451-83443821	0.466157410044942	0.0992962551511132	Tet3	NO
chr6-83455250-83457376	0.49255397898475	0.423902969653562	Tet3	NO
chr6-83762589-83763400	0.114995142794801	0.0855169488553486	Ankrd53	NO
chr6-84923139-84924241	0.0843326286579556	0.111602827097295	Exoc6b	NO
chr6-85276307-85277170	0.0805376543311605	0.108706063842798	Sfxn5	NO
chr6-85302084-85303288	0.768062436081244	0.121385119609749	Sfxn5	NO
chr6-85450625-85452588	0.543207411149777	0.550181547149938	Pradc1	NO
chr6-86437510-86439314	0.46973473762778	0.464097009936379	C87436	NO
chr6-86584132-86586024	0.36525104478389	0.366920176847573	1600020E01Rik	NO
chr6-86668479-86670155	0.528437475826139	0.595883400447378	Mxd1	NO
chr6-88289818-88291159	0.489208923111877	0.0755653735151871	Eefsec	NO
chr6-88517954-88519548	0.426660869391895	0.455861292744353	Sec61a1	NO
chr6-88769807-88771315	0.108764945219353	0.211819643192407	Mgll	NO
chr6-88841349-88843131	0.567725818579495	0.576012672119125	Podxl2	NO
chr6-88939177-88939503	0.0692184814600579	0.0938247413471224	4933427D06Rik	NO
chr6-89344581-89345315	0.274015445080751	0.0967272036524577	Plxna1	NO
chr6-90578014-90578448	0.0830589600791822	0.0797974117356688	Aldh1l1	NO
chr6-90604198-90605320	0.399013291186594	0.239778506348289	Slc41a3	NO
chr6-90809182-90810621	0.363942854536774	0.287530718549344	Iqsec1	NO
chr6-90919957-90920245	0.0394463605738505	0.0465309210155381	Nup210	NO
chr6-91160150-91160746	0.156224655407336	0.166440208499221	Hdac11	NO
chr6-91515114-91516740	0.47282414427724	0.490632325470267	Lsm3	NO
chr6-91645705-91646429	0.46678245552972	0.0592465887418114	Slc6a6	YES
chr6-91728780-91730217	0.475658158852485	0.164794561573142	Slc6a6	YES
chr6-92940092-92942255	0.51129505595289	0.179049799388632	Adamts9	NO
chr6-92942853-92943790	0.460478293297778	0.135735704998873	Adamts9	NO
chr6-93455969-93457101	0.0432532879859473	0.111433738403155	9530026P05Rik	NO
chr6-93911837-93913913	0.758085233471944	0.315660607681314	Magi1	NO
chr6-94008339-94008897	0.131356534032596	0.0509062409179454	Magi1	NO
chr6-94698997-94701280	0.582186422620212	0.475506942796329	Lrig1	NO
chr6-95116587-95118799	0.494371771572772	0.512404808927725	Kbtbd8	NO
chr6-97210327-97211580	0.245989533403338	0.320680592083238	Arl6ip5	NO
chr6-100119939-100120894	0.0673090030463793	0.0940894151054803	Rybp	NO
chr6-100286208-100288773	0.541022491249897	0.548458562279693	Rybp	NO
chr6-100503045-100504137	0.428511933373502	0.15982291437687	1700049E22Rik	NO
chr6-101250661-101251472	0.115222551739971	0.0488046292034712	Pdzrn3	NO
chr6-101481966-101483460	0.360840799675193	0.0746568367258505	Pdzrn3	NO
chr6-103674285-103674685	0.0462296158414844	0.0494370843609919	Chl1	NO
chr6-108658702-108661044	0.956032198753472	0.303321465752726	Bhlhe40	NO
chr6-108827735-108830025	0.560661661959913	0.364544311580075	Edem1	NO
chr6-113011369-113013432	0.799062157246978	0.0894510385584716	Thumpd3	NO
chr6-113061659-113062613	0.21446554966206	0.0402814123910025	Thumpd3	NO
chr6-113075779-113078304	0.676776837620655	0.560268234856479	Setd5	NO
chr6-113326116-113327522	0.540797504262018	0.520419510047226	Ogg1	NO
chr6-113586448-113587055	0.130630156499108	0.0449121275908118	Fancd2	NO
chr6-113668313-113669180	0.0908091586998486	0.0386404063789992	Irak2	NO
chr6-113696063-113698203	0.502318321140932	0.491585333908728	Tatdn2	NO
chr6-114781628-114782293	0.182868733107384	0.066992000086674	Atg7	NO
chr6-114892244-114892797	0.336358299351313	0.107389878432114	Vgll4	NO
chr6-115675193-115677246	0.490853719833856	0.520436122516169	Raf1	NO
chr6-115852647-115854046	0.550744421994191	0.484598520152535	Mbd4	NO
chr6-117840567-117841904	0.422855425279073	0.446055020093501	Zfp637	NO
chr6-117878443-117880735	0.475751673518087	0.531505799738709	Zfp239	NO
chr6-120158645-120159823	0.557482434551592	0.0990606932645504	Ninj2	NO
chr6-120192061-120192562	0.133506991342552	0.0433857006067154	Ninj2	NO
chr6-120302608-120303568	0.10116765158	0.0566849665838438	D330020A13Rik	NO
chr6-121109136-121110708	0.458301497571414	0.453608297052296	Mical3	NO
chr6-124661853-124663830	0.541682621079075	0.480415552584243	Lpcat3	NO
chr6-124740219-124741728	0.480935975217215	0.475385291237943	Grcc10	NO
chr6-124919274-124920329	0.468204809261294	0.499262747348536	A230083G16Rik	NO
chr6-125164607-125167522	0.587652177773421	0.51841794316687	Gapdh	NO
chr6-125418590-125419140	0.186735918744774	0.146293374481569	Plekhg6	NO
chr6-125572313-125573795	0.375518580127514	0.143698913431425	Vwf	NO
chr6-125727471-125727856	0.0195813231626521	0.0312077673429357	Ano2	NO
chr6-127329095-127330836	0.658306900250261	0.267736056524766	Parp11	NO
chr6-127358885-127359937	0.254033451615913	0.130901898889234	Parp11	NO
chr6-128295993-128297166	0.192377941557141	0.0917747091063129	Tead4	NO
chr6-128299438-128301023	0.25726782866359	0.15567581362393	Tead4	NO
chr6-134670925-134671402	0.0800833582711818	0.0267510941996648	Loh12cr1	NO
chr6-134829295-134830943	0.508581765326903	0.450173505416376	Crebl2	NO
chr6-135064979-135065984	0.201565324886348	0.106920607282195	Gprc5a	NO
chr6-135087461-135088380	0.191094658824119	0.225939504311771	Gprc5a	NO
chr6-135112600-135113368	0.0420436578535419	0.0445418751342785	Gprc5d	NO
chr6-135252112-135253383	0.380589914682442	0.198571395759472	Gsg1	NO
chr6-136803301-136805091	0.591031363097614	0.514859743713951	Hist4h4	NO
chr6-136827065-136828978	0.45409237293851	0.545825646315906	Wbp11	NO
chr6-144045404-144045886	0.361487235849119	0.116747175383735	Sox5	NO
chr6-144074678-144075292	0.0369690295702925	0.0655753694011364	Sox5	NO
chr7-3292751-3293137	0.11207407718761	0.0703843770209032	Myadm	NO
chr7-3302017-3302855	0.15820975740237	0.138903127238504	Prkcg	NO
chr7-4136300-4137872	0.585921099607206	0.559202104595214	Leng8	NO
chr7-4477832-4479252	0.455184901841062	0.233382498036551	Eps8l1	NO
chr7-4498192-4498594	0.260742516434488	0.0637553696360376	Ppp1r12c	NO
chr7-4629353-4629806	0.0578638794746671	0.0497929199279995	Tmem86b	NO
chr7-4684087-4685557	0.477876201610492	0.437805572153473	Hspbp1	NO
chr7-4738939-4740874	0.562040793434116	0.583147137179646	Suv420h2	NO
chr7-4811290-4813843	0.47384718388552	0.576156682504796	Ube2s	NO
chr7-4914863-4916293	0.423591413000569	0.515707075940424	Zfp628	NO
chr7-5013985-5015939	0.60798379684727	0.589004490628859	Fiz1	NO
chr7-5020024-5021209	0.496205007643596	0.476719935426436	Zfp865	NO
chr7-6126585-6127928	0.150573716030519	0.191408712741339	Zfp787	NO
chr7-15961933-15962931	0.280751476795534	0.100308806071703	Ehd2	NO
chr7-16272253-16274427	0.562100120709438	0.47163918264779	Inafm1	NO
chr7-16285258-16287028	0.660399002268988	0.53884673098765	Ccdc9	NO
chr7-16296725-16297214	0.289392518712256	0.174462670973954	Ccdc9	NO
chr7-16309194-16311255	0.356674858061334	0.401548812108926	Bbc3	NO
chr7-16312035-16312479	0.167189398963492	0.121249671718008	Bbc3	NO
chr7-16364728-16365705	0.220125596891313	0.0706100142793919	Sae1	NO
chr7-16405687-16406194	0.0806905200062541	0.0564008688191415	Zc3h4	NO
chr7-16475476-16476201	0.0880674211148722	0.0966742805206315	Npas1	NO
chr7-16613911-16615908	0.567028887700349	0.637645352069248	Arhgap35	NO
chr7-16737526-16739031	0.392088866431627	0.459812106948211	Ap2s1	NO
chr7-16949896-16950645	0.233163044339476	0.298788303076726	Pnmal2	NO
chr7-17059736-17060374	0.507954795008465	0.170571543598953	Hif3a	NO
chr7-19002490-19003426	0.376256985438011	0.329990653240631	Irf2bp1	NO
chr7-19130824-19132107	0.473225456277447	0.485648169528074	Fbxo46	NO
chr7-19344497-19345730	0.440229493342806	0.494183532416191	Ercc1	NO
chr7-19541423-19542608	0.268830574427842	0.153504157877886	Ppp1r37	NO
chr7-19628274-19630081	0.49351156375844	0.456181826947433	Relb	NO
chr7-19714698-19716448	0.54907738929846	0.633832860129511	Tomm40	NO
chr7-24546268-24547968	0.499302396228121	0.396630849631014	Xrcc1	NO
chr7-24628507-24629366	0.258331922037618	0.128742448454291	Phldb3	NO
chr7-24883349-24885247	0.500342689836617	0.609846613717519	Rps19	NO
chr7-24903671-24905311	0.424098383614851	0.451164281016489	Arhgef1	NO
chr7-25071941-25073353	0.450440410591132	0.366471625811334	Grik5	NO
chr7-25266932-25268854	0.584030454151378	0.638194194364868	Cic	NO
chr7-25281664-25282818	0.572934784844834	0.538286457284765	Cic	NO
chr7-25314823-25317672	0.53089084633935	0.502008705888317	Megf8	NO
chr7-25376393-25377600	0.196089399230091	0.196703860339014	Lipe	NO
chr7-25394977-25396879	0.448274441973481	0.511865644974674	Lipe	NO
chr7-25618524-25619800	0.284938566530742	0.377140271409677	Atp5sl	NO
chr7-25657869-25659579	0.447782069721917	0.477776176876648	Exosc5	NO
chr7-25680374-25681621	0.464449756853496	0.40775429616787	B9d2	NO
chr7-25780752-25783012	0.142195569090897	0.213858866911137	Axl	YES
chr7-25787417-25789404	0.707876189016063	0.133420438451125	Axl	YES
chr7-27165425-27167524	0.498588477627385	0.47774772052454	Egln2	NO
chr7-27227700-27229008	0.432174098513139	0.402492919561049	Itpkc	NO
chr7-27330877-27331273	0.272699499825311	0.128133727528543	Ltbp4	NO
chr7-27445811-27448537	0.559364100735414	0.48767593954734	Sptbn4	NO
chr7-27472663-27475193	0.662705676703589	0.501967019275889	Sertad3	NO
chr7-27481302-27481947	0.384037004788516	0.149100906035298	Sertad3	NO
chr7-27486378-27487626	0.467149893226106	0.543648578735218	Sertad1	NO
chr7-27490464-27491235	0.417597477762765	0.171334470303584	Sertad1	NO
chr7-27607591-27607867	0.05696544188895	0.0417716458581727	Akt2	NO
chr7-27859840-27861598	0.288768258028488	0.13832586211379	Zfp607	NO
chr7-28178865-28180623	0.507429699523846	0.572549495016437	Fbl	NO
chr7-28289922-28291419	0.105039886658386	0.204123763306898	BC089491	NO
chr7-28371424-28373473	0.567716828550645	0.483512101016551	Plekhg2	NO
chr7-28378934-28379436	0.242463023375473	0.187805531342175	Zfp36	NO
chr7-28392159-28393562	0.434351302352735	0.490704534796949	Med29	NO
chr7-28435462-28437555	0.559972060732243	0.606624653427977	Gmfg	NO
chr7-28597269-28598503	0.475317076882999	0.489181685226844	Pak4	NO
chr7-28692698-28694016	0.193296575652372	0.192424381746631	Fbxo27	NO
chr7-28716276-28717340	0.300418216712653	0.138413823049915	Fbxo17	NO
chr7-28765801-28767790	0.43926233526417	0.504572198316877	Sirt2	NO
chr7-28901243-28901780	0.199919333606532	0.0348677542070746	Actn4	NO
chr7-28919650-28920297	0.539460377114909	0.107482489231029	Actn4	NO
chr7-28944729-28946091	0.621547393910219	0.116190260656746	Actn4	NO
chr7-28952504-28954176	0.389830021484761	0.167106601619707	Actn4	NO
chr7-28961392-28962995	0.523914368346283	0.504053067256401	Actn4	NO
chr7-28972167-28973301	0.252080531207023	0.145864732218102	Eif3k	NO
chr7-29815140-29816475	0.319939860139844	0.403435008372772	Zfp790	NO
chr7-30307814-30309542	0.357928291922242	0.471614352691004	Alkbh6	NO
chr7-30533824-30535837	0.516307292741095	0.560819375412121	Arhgap33	NO
chr7-30551500-30553750	0.515698391640315	0.512331503451932	Hspb6	NO
chr7-30559176-30560036	0.37704885231664	0.419994033680571	Lin37	NO
chr7-30649390-30650991	0.397595469959724	0.478349852791502	Rbm42	NO
chr7-31115623-31116122	0.0427997942924254	0.0426209965116979	Hpn	NO
chr7-34388513-34390165	0.456291419506531	0.482157289974784	Lsm14a	NO
chr7-34629575-34631175	0.487805730082925	0.187436085085448	Kctd15	NO
chr7-34938697-34940342	0.252928136299407	0.244599336026842	Pepd	NO
chr7-35055592-35057021	0.425291588007276	0.460259098263321	Cebpg	YES
chr7-35091597-35092284	0.0417371374489921	0.0536690044867207	Gm22535	NO
chr7-35251832-35252714	0.0956363617397377	0.105731650292896	Gpatch1	NO
chr7-35333123-35335287	0.557327925484666	0.432724720186535	Rhpn2	NO
chr7-35584554-35586849	0.498746696227775	0.494104220844067	Rgs9bp	NO
chr7-37639821-37640796	0.0678236132478003	0.0881726392369147	Zfp536	NO
chr7-38106535-38108385	0.596009677056211	0.463081565169081	Ccne1	NO
chr7-44304295-44305880	0.589146496834275	0.542520020822111	Clec11a	NO
chr7-44548319-44549107	0.561475530628464	0.403105389501437	Pold1	NO
chr7-44590154-44591157	0.396149349173183	0.541062384865188	Kcnc3	NO
chr7-44854389-44854991	0.30377499993996	0.227935041749358	Akt1s1	NO
chr7-44856893-44857662	0.261869506448466	0.358485911707044	Pnkp	NO
chr7-44860575-44860870	0.20294494228462	0.133591836973368	Pnkp	NO
chr7-44928627-44930276	0.571103657332713	0.623211015367749	Ap2a1	NO
chr7-44951775-44953157	0.389135541832464	0.211184443717593	Tsks	NO
chr7-44969907-44970984	0.468310995727233	0.375816506694855	Cpt1c	NO
chr7-44985521-44987480	0.56962420342995	0.620585912021801	Prmt1	NO
chr7-45016977-45018236	0.670964348800959	0.263006194059918	Rras	NO
chr7-45037845-45038307	0.152660954965417	0.101387668308434	Prr12	NO
chr7-45052661-45054619	0.605448480124826	0.56188668201185	Prrg2	NO
chr7-45103432-45104287	0.0882961885483526	0.0506619679486134	Fcgrt	NO
chr7-45128397-45129519	0.518230319068153	0.575845457780749	Rpl13a	NO
chr7-45153607-45155197	0.478859405596741	0.5200107446645	Pih1d1	NO
chr7-45365987-45367819	0.531283093464698	0.59217807375013	Ppfia3	NO
chr7-45643128-45645047	0.460073961816765	0.527239567640922	Mamstr	NO
chr7-45704699-45705266	0.50512149641089	0.485317249253685	Dbp	NO
chr7-45813530-45815996	0.561322739980323	0.587869303246775	Cyth2	NO
chr7-45895775-45897778	0.478164288218245	0.475795738543823	Tmem143	NO
chr7-46013168-46013940	0.0864530420196916	0.0734500461699875	Abcc6	NO
chr7-46845109-46847387	0.575103253365201	0.35568027199173	Ldha	NO
chr7-47015402-47016072	0.468812577550244	0.146649361935693	Spty2d1	NO
chr7-58692921-58693653	0.143506198344543	0.0530936689008766	Atp10a	NO
chr7-63753135-63753873	0.220592396998675	0.17604604375434	Otud7a	NO
chr7-63911395-63912793	0.25214050092589	0.130258772659816	Klf13	NO
chr7-63924710-63925640	0.241132141163536	0.109176098477978	Klf13	NO
chr7-63937173-63939957	0.61291105747274	0.573323855525567	Klf13	NO
chr7-64373135-64374462	0.306157887638314	0.271386249789442	Fan1	NO
chr7-65870681-65872282	0.236341491697721	0.0887682359609984	Pcsk6	NO
chr7-65881021-65881749	0.141577705056655	0.0623291130492619	Pcsk6	NO
chr7-66230244-66231327	0.199587560237154	0.058116848437328	Lrrk1	NO
chr7-67221465-67223113	0.327509619846961	0.401318301697814	Lysmd4	NO
chr7-67741383-67742297	0.463785118009273	0.0495529090770842	Synm	NO
chr7-68127702-68130506	0.42719545302626	0.508137111081304	Igf1r	NO
chr7-68748010-68749972	0.471947694047128	0.552486974446847	Arrdc4	NO
chr7-70643642-70644334	0.172187714289832	0.0275301310010223	Gm24880	NO
chr7-73399108-73400790	0.657127674468098	0.226846372305478	Rgma	NO
chr7-73537319-73538394	0.504229532591181	0.516151263940921	Chd2	NO
chr7-74107076-74107794	0.15407282547735	0.037386036289369	St8sia2	NO
chr7-78924143-78925097	0.252057643196016	0.115411426944299	Isg20	NO
chr7-78953664-78954522	0.0429680266109958	0.0568632698143519	Isg20	NO
chr7-79659318-79660916	0.491074335027452	0.453547825299636	Ticrr	NO
chr7-79785878-79786841	0.171132077016687	0.134614275974878	Wdr93	NO
chr7-80113914-80115847	0.532581414707225	0.401885009414397	Idh2	NO
chr7-80231816-80233454	0.56366644147996	0.445295598925895	Cib1	NO
chr7-80245650-80246777	0.433147757702668	0.41106147111133	Ttll13	NO
chr7-80293714-80294966	0.530497565503488	0.463659021640756	Prc1	NO
chr7-80323762-80324690	0.425611082163221	0.469211241775182	Rccd1	NO
chr7-80441825-80442386	0.0425743732659486	0.112797841268487	Blm	NO
chr7-80534089-80535786	0.45542981742692	0.486735074138834	Blm	NO
chr7-83891326-83892857	0.578585141412568	0.427262843275626	Mesdc2	NO
chr7-90128694-90131151	0.556696967960392	0.510384221827613	Picalm	NO
chr7-92668542-92670818	0.526534020276485	0.53324114343996	Pcf11	NO
chr7-96212437-96213564	0.532569781671817	0.260606878744717	Tenm4	NO
chr7-96671911-96673163	0.526169415815467	0.162339259993928	Tenm4	NO
chr7-96745507-96746393	0.566519571391151	0.0886905351598769	Tenm4	NO
chr7-96795937-96798193	0.655514936900555	0.228787937128961	Tenm4	NO
chr7-97578755-97581252	0.508316011301616	0.543894485543196	Aamdc	NO
chr7-98164959-98165581	0.0667586307707313	0.0572498557009579	Capn5	NO
chr7-98171035-98171589	0.062540410641989	0.0466937794944676	Capn5	NO
chr7-98177219-98178882	0.293704724487015	0.319900532082137	Capn5	NO
chr7-98323111-98324626	0.249494429568605	0.127726958710167	Acer3	NO
chr7-98390976-98391912	0.115374324223356	0.147612710385799	Tsku	NO
chr7-98522862-98524652	0.197252274706215	0.155119920089454	A630091E08Rik	NO
chr7-98702226-98704056	0.479497873357644	0.481770501681128	Prkrir	NO
chr7-98814695-98816796	0.512658057094438	0.489752120647946	Wnt11	NO
chr7-99139897-99142285	0.479736196515069	0.61194861134104	Uvrag	NO
chr7-99304884-99305242	0.0800388021748956	0.062743393791237	Map6	NO
chr7-99380432-99382277	0.540252754886735	0.518715907006095	Gdpd5	NO
chr7-99441476-99441969	0.133846638754768	0.064669101201226	Gdpd5	NO
chr7-100590323-100591724	0.36437747649963	0.306125404846405	Mrpl48	NO
chr7-100862682-100863614	0.421613031794785	0.380174888937105	Relt	NO
chr7-100911361-100911590	0.0945425518075052	0.0396357370929177	Arhgef17	NO
chr7-100922746-100923212	0.142214381744999	0.074335764417694	Arhgef17	NO
chr7-101449959-101451601	0.327262686824069	0.334325284390853	Pde2a	NO
chr7-101821408-101822541	0.488926424903119	0.139852120721527	Phox2a	NO
chr7-101904952-101906637	0.495195585009915	0.47836609419641	Lamtor1	NO
chr7-101933260-101934699	0.454967717269353	0.379154915147636	Lrrc51	NO
chr7-102249115-102251052	0.526755380154569	0.268498223395274	Rhog	NO
chr7-105399205-105400896	0.5623631624096	0.546158218914979	Fam160a2	NO
chr7-105810047-105812221	0.504817617332878	0.572200782545709	Mrpl17	NO
chr7-107593998-107595696	0.3327246806589	0.215035263701298	Ppfibp2	NO
chr7-109804259-109805196	0.0678694595261744	0.0695819508691064	Scube2	NO
chr7-109985501-109987101	0.452504456649512	0.491162659456386	Tmem41b	NO
chr7-110163980-110165385	0.471590924513599	0.30798973408597	1600010M07Rik	NO
chr7-110941305-110942311	0.116077680903944	0.0511962653216285	Mrvi1	NO
chr7-111081916-111083651	0.55200910977256	0.579486536438807	Eif4g2	NO
chr7-111121442-111123450	0.485574422533913	0.49631118850263	Eif4g2	NO
chr7-111600558-111601304	0.316892939478472	0.0867726954922995	Galnt18	NO
chr7-111778398-111780593	0.417588401807273	0.369666350670152	Galnt18	NO
chr7-112467395-112468038	0.114092789660391	0.114324895724284	Parva	NO
chr7-112534130-112536261	0.451302516832525	0.16550513252545	Parva	NO
chr7-112720044-112721211	0.298383246264819	0.199421983583675	Tead1	NO
chr7-112919548-112920175	0.195725019406927	0.144135577935633	Tead1	NO
chr7-113058933-113059758	0.19751276941033	0.0296680870520493	Gm23662	NO
chr7-113147324-113148279	0.502267028240776	0.0992963701311162	Gm23662	NO
chr7-115382782-115383342	0.374080366273033	0.0327162028982153	Sox6	NO
chr7-115501490-115502359	0.0679022883825602	0.0579730386791701	Sox6	NO
chr7-117685463-117687341	0.555495375859032	0.102168158066386	Xylt1	NO
chr7-118128669-118130275	0.417930511861946	0.486763775674964	Arl6ip1	NO
chr7-118242719-118244614	0.502509509823527	0.517789328682984	Smg1	NO
chr7-118827926-118828535	0.117228349810486	0.0469395365358932	9030624J02Rik	NO
chr7-122066338-122068154	0.479081409662218	0.504981186763773	Ears2	NO
chr7-126486703-126487818	0.384395963711264	0.419779504690962	Tufm	NO
chr7-126565647-126566909	0.290225882086533	0.333235223415583	G730046D07Rik	NO
chr7-126625394-126626053	0.0640961616490557	0.0372307576626285	Nupr1	NO
chr7-126758972-126760355	0.501064848866829	0.462434298935793	Mapk3	NO
chr7-126760487-126760699	0.133995950305829	0.0868197583969692	Mapk3	NO
chr7-126798441-126800134	0.526366437511922	0.502278890187847	Aldoa	NO
chr7-126883624-126885357	0.488824222204227	0.516018669285515	Taok2	NO
chr7-126975218-126976992	0.378465982826108	0.469200352513321	Cdipt	NO
chr7-127025856-127027720	0.611933727307769	0.607742385457006	Maz	NO
chr7-127195305-127196893	0.456884016365079	0.469183490110165	Cd2bp2	NO
chr7-127207346-127209567	0.475238811280269	0.608263043012123	Tbc1d10b	NO
chr7-127243688-127245390	0.498198844979278	0.397548840919709	Zfp771	NO
chr7-127617919-127618380	0.0770724705341234	0.062563407385301	Zfp629	NO
chr7-127691200-127692040	0.362472256752485	0.0808081942861081	Bcl7c	NO
chr7-127707353-127709160	0.68978686039658	0.312007865033087	Bcl7c	NO
chr7-127768162-127770291	0.533255040867588	0.406627531359355	Orai3	NO
chr7-127944551-127944926	0.0300548598051827	0.0277386240670096	Prss36	NO
chr7-128236814-128239084	0.575907914079693	0.587106326714692	9130023H24Rik	NO
chr7-128246316-128247938	0.191863605551692	0.276564513285074	Tgfb1i1	NO
chr7-129404633-129406378	0.0471823878429642	0.149592854391929	Ppapdc1a	NO
chr7-130325570-130326357	0.233226321596604	0.0821474862924368	Fgfr2	NO
chr7-130645720-130647127	0.503106521480031	0.163931456899607	Fgfr2	NO
chr7-130976196-130977002	0.462193007371387	0.0396707159768959	Htra1	NO
chr7-132575370-132576796	0.521772778490061	0.413827085773311	Oat	NO
chr7-132731325-132731918	0.451598438936465	0.0683936012139289	Fgfr2	NO
chr7-132812122-132814084	0.389535321542622	0.344504216597441	Fam53b	NO
chr7-132851774-132853098	0.359323069408467	0.340270874497085	Mettl10	NO
chr7-133176440-133177466	0.117170166506953	0.0581623387329062	Ctbp2	NO
chr7-134550220-134550826	0.0584880818309571	0.0907933646985817	Dock1	NO
chr7-134936748-134938713	0.289794151174116	0.312111806551062	Fam196a	NO
chr7-135715352-135717191	0.534300174626156	0.405842684642708	Mki67	NO
chr7-139107873-139108481	0.0401991200393871	0.0593960813694627	Stk32c	NO
chr7-139247037-139249210	0.271032528787612	0.373142972033568	Pwwp2b	NO
chr7-139387992-139389744	0.564812612912222	0.599777162957113	Inpp5a	NO
chr7-141122808-141123944	0.294672851718768	0.347029027826406	Ptdss2	NO
chr7-141172053-141173206	0.441603184610946	0.436507171646375	Rnh1	NO
chr7-141221101-141222599	0.613527675173423	0.382644019955138	Rassf7	NO
chr7-141413319-141414824	0.502907856443273	0.526562094576563	Pddc1	NO
chr7-141428897-141429691	0.224390146829174	0.276161317246807	Cend1	NO
chr7-142083728-142085120	0.553766104091249	0.143310860436465	Dusp8	NO
chr7-142386823-142388756	0.471151485157548	0.448271308719906	Ctsd	NO
chr7-142400036-142401144	0.0722888852746067	0.0522587317932918	Ctsd	NO
chr7-142440418-142440979	0.102295193945747	0.0890706536008444	Syt8	NO
chr7-142481054-142482619	0.585927178274	0.15136840310991	Lsp1	NO
chr7-142532068-142533837	0.414714143387482	0.402902128123432	Mrpl23	NO
chr7-142660553-142660857	0.089377332637521	0.0743244358817143	Igf2	YES
chr7-143067988-143070374	0.483662280327827	0.595744971434394	Tssc4	NO
chr7-143123835-143124622	0.0595277126238889	0.0690758126650816	Kcnq1	NO
chr7-143153446-143154888	0.284745794944954	0.23578797946953	Kcnq1	NO
chr7-143180489-143181207	0.202317047044361	0.0524330555944994	Kcnq1	NO
chr7-143367708-143368634	0.316545570934584	0.0427229539654871	Kcnq1	NO
chr7-143821702-143823612	0.487796764181198	0.480483790208101	Nadsyn1	NO
chr7-144684402-144685262	0.402901544481796	0.112809502190592	Ano1	NO
chr7-144874292-144875356	0.147664926150101	0.0379038517312997	Fgf4	NO
chr7-145198113-145198772	0.104197721498215	0.076488578002544	Tpcn2	NO
chr7-145205379-145207261	0.816964113116066	0.190099657976471	Tpcn2	NO
chr7-145252690-145253613	0.225841630753856	0.119295481232192	Tpcn2	NO
chr8-4511382-4512540	0.344575389074297	0.112072714203709	Cers4	NO
chr8-8994019-8995262	0.3004423644515	0.165229852620706	Fam155a	NO
chr8-10865306-10865880	0.0886108826170227	0.0516886360321529	3930402G23Rik	NO
chr8-10921414-10922013	0.402134914728384	0.0896881966681197	3930402G23Rik	NO
chr8-10928224-10928920	0.274411566515744	0.0780133169732878	3930402G23Rik	NO
chr8-10960169-10960898	0.252139245038927	0.165679838589357	Irs2	NO
chr8-11173106-11174315	0.136428622545225	0.128137472686929	Col4a1	NO
chr8-11227138-11228004	0.453203145817309	0.0630715992477049	Col4a1	NO
chr8-11554905-11558593	0.652050593535457	0.695850432789856	Ing1	NO
chr8-12073300-12073941	0.0720364486984806	0.0369016710053087	A230072I06Rik	NO
chr8-14089653-14091003	0.310612472187231	0.447479543082738	Erich1	NO
chr8-14992250-14993159	0.490101880651293	0.119478938914106	Arhgef10	NO
chr8-15391929-15392424	0.020762979143253	0.0844231071191277	Gm24222	NO
chr8-23236946-23238423	0.441757294957226	0.477602186339075	Gins4	NO
chr8-25240287-25241136	0.228078157698151	0.126386598118073	Tacc1	NO
chr8-25274317-25276658	0.675179250385905	0.231043207724538	Tacc1	NO
chr8-25367720-25369593	0.333092588585199	0.162735582975962	Fgfr1	NO
chr8-25465077-25466237	0.353029297559921	0.327760435168592	Fgfr1	NO
chr8-25636621-25637308	0.107107158970854	0.145810905325551	Whsc1l1	NO
chr8-26118339-26120091	0.563429115833231	0.533715552164258	Hook3	NO
chr8-26746659-26748950	0.269932983747312	0.210928646672215	2310008N11Rik	NO
chr8-26960934-26962410	0.803304959570618	0.165603915200465	Zfp703	NO
chr8-27259609-27261740	0.413934666762455	0.167395729493443	Eif4ebp1	NO
chr8-32292498-32293968	0.385687046459687	0.311699678438017	Gm26578	NO
chr8-33198088-33199802	0.647409520325753	0.0611229862732392	Wrn	NO
chr8-35195897-35196778	0.229187523105918	0.069665474567657	Ppp1r3b	NO
chr8-41373712-41375385	0.51799956214544	0.340221932271985	Asah1	NO
chr8-45874727-45875798	0.433469347026352	0.0815740617101047	Pdlim3	NO
chr8-46550894-46552598	0.424935853215425	0.496013247776492	Cenpu	NO
chr8-47989534-47991509	0.625941999446313	0.341842398717375	Wwc2	NO
chr8-48457696-48458813	0.482246259898601	0.188407306784627	Tenm3	NO
chr8-57510827-57512952	0.643617241473682	0.505252944876103	Hmgb2	NO
chr8-60953854-60955178	0.474046996184375	0.301351216246495	Clcn3	NO
chr8-64732604-64734028	0.500431492091622	0.532018236426137	Msmo1	NO
chr8-64946569-64947966	0.385905444837201	0.398874767187235	Tmem192	NO
chr8-69192752-69193873	0.357418160476378	0.163452199447201	Lzts1	NO
chr8-69715322-69717699	0.502670485829375	0.58663369313912	Zfp869	NO
chr8-69995149-69997174	0.565502312401721	0.529690809752919	Gatad2a	NO
chr8-70001253-70001925	0.0932090071970146	0.0615867000029922	Gatad2a	NO
chr8-70138662-70140221	0.447898904145286	0.512133263286025	2310045N01Rik	NO
chr8-70157794-70159139	0.276482356759127	0.229456675373471	2310045N01Rik	NO
chr8-70211687-70213347	0.52917339634217	0.629963503689182	Slc25a42	NO
chr8-70476185-70478015	0.475702643303301	0.342088487380558	Klhl26	NO
chr8-70537997-70540474	0.621268021044092	0.59994185720254	Ell	NO
chr8-70630678-70631209	0.258955166622757	0.0971490356294442	Gdf15	NO
chr8-70698153-70700253	0.577273683337858	0.601718058844921	Gm11175	NO
chr8-70754164-70755590	0.447049906600802	0.527329246717573	Rab3a	NO
chr8-70760387-70761344	0.494765279149469	0.516267253073364	Mpv17l2	NO
chr8-70791939-70793114	0.514903680320848	0.471183612510519	Mast3	NO
chr8-70838611-70840154	0.561159004710145	0.573008385656608	Arrdc2	NO
chr8-70864782-70866188	0.439226984394626	0.589131658522148	A230052G05Rik	NO
chr8-71271566-71273608	0.517625963756201	0.531305508137968	Haus8	NO
chr8-71395624-71397422	0.314015226017427	0.445081879711733	Ushbp1	NO
chr8-71468687-71469912	0.455494089676579	0.540642902538727	Dda1	NO
chr8-71475288-71477072	0.387299333932011	0.440126861812237	Ano8	NO
chr8-71494858-71495686	0.424246102380297	0.191531053195729	Gtpbp3	NO
chr8-71569141-71571106	0.587867080523049	0.565496931881667	Slc27a1	NO
chr8-71610581-71612087	0.419569934606548	0.51623592062931	Colgalt1	NO
chr8-72160077-72162051	0.556480905172855	0.583822930661387	Rab8a	NO
chr8-72491628-72493678	0.538731688395634	0.572457198315955	Slc35e1	NO
chr8-72645850-72647112	0.588087796552266	0.153440757702369	Nwd1	NO
chr8-73352280-73354927	0.478269290460185	0.603679913959379	Large	NO
chr8-76901539-76902658	0.416408431097174	0.266423843034362	Nr3c2	NO
chr8-76972742-76973616	0.179184896654113	0.042880035180582	Nr3c2	NO
chr8-79207980-79209031	0.391186851168186	0.0994942008509722	1700011L22Rik	NO
chr8-79561474-79562576	0.106615628805734	0.0493606486668881	Otud4	NO
chr8-81767084-81768499	0.346155878003404	0.0660907603717048	Inpp4b	NO
chr8-83048736-83049882	0.0434867964128592	0.0964005877595544	Rnf150	NO
chr8-83164810-83166596	0.32592169889239	0.356548108234594	Gm10645	NO
chr8-83607072-83609029	0.527065584172202	0.568905390718006	Dnajb1	NO
chr8-83714338-83716126	0.436451122944072	0.504005479199653	Ddx39	NO
chr8-83954635-83956517	0.518683515026028	0.587579020954142	Asf1b	NO
chr8-83971884-83973939	0.518195991572278	0.546034042619783	Prkaca	NO
chr8-84103713-84105476	0.499094430342432	0.539236679354956	Dcaf15	NO
chr8-84197213-84198772	0.671575967902834	0.346716975647157	Gm26887	NO
chr8-84203245-84203846	0.405762890485624	0.146743848753814	Gm26532	NO
chr8-84663630-84664436	0.459252800580136	0.366085310990243	Gm26664	NO
chr8-84765681-84766186	0.191103852718375	0.0655569328471649	Nfix	NO
chr8-84845774-84847988	0.529882237031576	0.5787815369394	Calr	NO
chr8-84902396-84903684	0.452467245676644	0.298008028714412	Klf1	NO
chr8-84976124-84976805	0.367279840770577	0.366150466932544	Junb	NO
chr8-84985350-84986417	0.186655638278041	0.362284673527604	Hook2	NO
chr8-85026402-85027418	0.391343366937071	0.363669028984977	2310036O22Rik	NO
chr8-85298561-85300357	0.465883280703002	0.532279202009079	Orc6	NO
chr8-85554281-85556061	0.420089877626699	0.449521668243351	Dnaja2	NO
chr8-87938172-87939216	0.374518593957451	0.141909099370794	Zfp423	NO
chr8-87943473-87944335	0.115329636980898	0.144267591708816	Zfp423	NO
chr8-88137343-88138826	0.411820503962665	0.44795601954185	Heatr3	NO
chr8-88416818-88417998	0.132674243564421	0.129307703327989	Brd7	NO
chr8-88494987-88495700	0.273769930581167	0.0624053572834901	Nkd1	NO
chr8-88695963-88697973	0.462528943629335	0.531212105904031	Cyld	NO
chr8-89046241-89046653	0.436209235310666	0.0854701326059951	Sall1	NO
chr8-90739953-90741989	0.754436265994898	0.189460681726411	Chd9	NO
chr8-94600854-94603041	0.497122896749873	0.530045350831701	Rspry1	NO
chr8-94917025-94918302	0.608418667311382	0.23347512889632	Ccdc102a	NO
chr8-94967324-94968217	0.277600499798663	0.0591603412583078	Gpr56	NO
chr8-95080147-95082112	0.496978490942901	0.611534547166112	Katnb1	NO
chr8-95434087-95435809	0.521844063643104	0.542903136482204	Cfap20	NO
chr8-95852250-95854048	0.299243476066104	0.317393095282549	Slc38a7	NO
chr8-104590500-104592105	0.390019451918832	0.394233533871857	Pdp2	NO
chr8-105170025-105171905	0.552593373283524	0.361749474342469	Cbfb	NO
chr8-105224303-105225793	0.412386040809367	0.363594892628302	D230025D16Rik	NO
chr8-105288671-105291200	0.39935209321382	0.575127640057842	Exoc3l	NO
chr8-105297253-105298221	0.306976080709343	0.333831235431794	E2f4	NO
chr8-105305397-105306356	0.210547702342232	0.147806908164011	Elmo3	NO
chr8-105346698-105348265	0.553415833177364	0.318755201817738	Fhod1	NO
chr8-105469335-105469587	0.208488652703647	0.0764165701864917	Tppp3	NO
chr8-105473796-105474539	0.0716652041386348	0.202775764902508	Zdhhc1	NO
chr8-105484205-105484695	0.0917106667960511	0.0580632703523953	Zdhhc1	NO
chr8-105495682-105497392	0.437822553383445	0.290114127253819	Zdhhc1	NO
chr8-105533539-105534313	0.150881429844779	0.0860435412196623	Atp6v0d1	NO
chr8-105565292-105567504	0.464596446049756	0.535083819353833	Agrp	NO
chr8-105749956-105751034	0.318624081912845	0.0829976260623177	Gfod2	NO
chr8-105826208-105828188	0.5013293324614	0.555763879293302	Ranbp10	NO
chr8-105859969-105861396	0.550147376679793	0.453302418621495	Nutf2	NO
chr8-105943205-105943736	0.0921912015209339	0.0344135317481959	Lcat	NO
chr8-105949338-105949833	0.178798717899988	0.034999728619166	Slc12a4	NO
chr8-106058568-106060292	0.523973330911164	0.516264612235202	Nfatc3	NO
chr8-106168170-106169714	0.362561710860699	0.390376537914814	Slc7a6	NO
chr8-107129194-107130212	0.15648807313798	0.0331742371965647	Cyb5b	NO
chr8-107205117-107206507	0.163792721124166	0.0787663493377912	Cyb5b	NO
chr8-107292435-107294645	0.510742228866825	0.453117714757602	Nfat5	NO
chr8-108148219-108149078	0.0378799612834977	0.0603012605573041	Zfhx3	NO
chr8-108695876-108696587	0.0709469057841216	0.120076441036522	Zfhx3	NO
chr8-108896126-108897099	0.251687967517078	0.17699829616427	Zfhx3	NO
chr8-110654314-110654942	0.0501716676368295	0.0659337130985067	Vac14	NO
chr8-111258189-111259825	0.397140097043848	0.409513467311276	Glg1	NO
chr8-111726132-111726851	0.122089369431627	0.0750074138599486	Bcar1	NO
chr8-111731708-111732480	0.424982267528513	0.300753672719741	Bcar1	NO
chr8-111853235-111854621	0.426435131394122	0.442605171683697	Cfdp1	NO
chr8-112138507-112139296	0.213831098585708	0.0806358607841119	Terf2ip	NO
chr8-116992138-116994328	0.492085734033066	0.453254633279619	Gcsh	NO
chr8-117422068-117423588	0.243440331231048	0.124366430743759	Cmip	NO
chr8-117437111-117437963	0.0318138762601064	0.0768851920167559	Cmip	NO
chr8-118379400-118380435	0.443191553398341	0.0944751386342875	Cdh13	NO
chr8-119446047-119448052	0.414833206445668	0.303904853514753	Necab2	NO
chr8-119604317-119605719	0.273713799318731	0.260787045695524	Taf1c	NO
chr8-119839709-119841078	0.393559549469262	0.509587909301235	Cotl1	NO
chr8-120113025-120114975	0.489750175854084	0.585564667587616	6430548M08Rik	NO
chr8-120264674-120265912	0.457786146842272	0.311114528609222	Gse1	NO
chr8-120270280-120270870	0.272805458048251	0.113208912211596	Gse1	NO
chr8-120416354-120417367	0.472055835195041	0.259314603270054	Gse1	NO
chr8-120563902-120564674	0.274183314086797	0.185263525859454	Gm20388	NO
chr8-120588522-120589723	0.578966482008311	0.549158365360687	Gins2	NO
chr8-121241406-121242914	0.481770549516746	0.10037832767883	Gm20388	NO
chr8-121294716-121295120	0.0729515895340941	0.0770906269864709	Gm26815	NO
chr8-121577824-121579521	0.48327802029181	0.44164594239234	Fbxo31	NO
chr8-121897506-121899118	0.468369446368873	0.288874600083179	Gm20388	NO
chr8-122224069-122225029	0.20298612859993	0.0509481625263829	Gm20388	NO
chr8-122280823-122282800	0.620994582902977	0.51290630587422	Zfpm1	NO
chr8-122610655-122612124	0.500713617562605	0.512888370131	Galns	NO
chr8-123040941-123042955	0.540038948928684	0.57401228899646	Gm20388	NO
chr8-123317959-123318983	0.412261781027794	0.324046966314758	Fanca	NO
chr8-124433453-124435084	0.485718473073325	0.45766551741193	Pgbd5	NO
chr8-124634448-124634851	0.0818407074698708	0.0666089538658505	2310022B05Rik	NO
chr8-125066520-125068438	0.133293093839685	0.167691939620045	Disc1	NO
chr8-125595520-125596405	0.0830614662918628	0.0984848977078371	Map10	NO
chr8-126006017-126006679	0.0905367005889822	0.0467364950055495	Kcnk1	NO
chr8-126566079-126567128	0.51912483497844	0.118848882976767	Irf2bp2	NO
chr8-126593005-126594966	0.583538496540813	0.549361793067717	Irf2bp2	NO
chr8-126665458-126667365	0.680144749091525	0.436140406891247	Irf2bp2	NO
chr8-126825640-126827250	0.291251697730984	0.261028961130223	Tomm20	NO
chr9-7763233-7764868	0.539925576823556	0.351668716408272	Tmem123	NO
chr9-7872087-7873289	0.185173721215679	0.0727497964125027	Birc3	NO
chr9-14089521-14090450	0.143944036923423	0.0463853730882076	Sesn3	NO
chr9-15976764-15977834	0.170380604246865	0.0871318276363728	Fat3	NO
chr9-20642007-20643492	0.288309369833906	0.436681905184465	Fbxl12	NO
chr9-20651246-20652816	0.518373253881515	0.558864825151067	Pin1	NO
chr9-20975350-20977040	0.319404886766978	0.24511018478352	S1pr2	NO
chr9-21015023-21016077	0.12938735118195	0.0633247880726297	Icam1	NO
chr9-21090860-21092394	0.493809725712106	0.504377901940178	Raver1	NO
chr9-21149011-21150313	0.401425895718559	0.401464435603819	Cdc37	NO
chr9-21264333-21265945	0.429371877010563	0.453634247379684	Atg4d	NO
chr9-21287389-21288340	0.392718829017733	0.441261554493862	Kri1	NO
chr9-21290582-21291753	0.65804481433595	0.448546292809907	Cdkn2d	NO
chr9-21496676-21497481	0.0583628356845217	0.0667615462687792	Dnm2	NO
chr9-21509168-21510855	0.515470494281269	0.456247047690758	Tmed1	NO
chr9-21545452-21547840	0.565592901524008	0.630898053844487	Carm1	NO
chr9-21797682-21798927	0.486627825750828	0.201588655436299	Kank2	NO
chr9-21936306-21938125	0.41944008107059	0.482499534926084	Lppr2	NO
chr9-24973375-24975087	0.475607918295277	0.103489991827611	Gm10181	NO
chr9-28439392-28440552	0.413283986970243	0.133224873870819	Opcml	NO
chr9-29727560-29728492	0.114368792605222	0.0756803504966625	Ntm	NO
chr9-32408758-32409986	0.140078145214212	0.0976051863361797	Kcnj1	NO
chr9-32695370-32696933	0.446831990015485	0.304160896226378	Ets1	NO
chr9-33901000-33902036	0.0760347057014242	0.106527610310443	Gm27164	NO
chr9-35326839-35327290	0.363516993215	0.0460926222304966	Rpusd4	NO
chr9-35335581-35336685	0.671604028611398	0.135963257264821	Rpusd4	NO
chr9-37053597-37054963	0.222776933792474	0.149083952206476	Pknox2	NO
chr9-37121578-37122652	0.166355825791552	0.0759264517777496	Pknox2	NO
chr9-37207285-37208775	0.490981962497324	0.487130351794239	Tmem218	NO
chr9-40320956-40321777	0.0680041625796363	0.0659696073170363	Gramd1b	NO
chr9-40799678-40801880	0.555534492161728	0.64616119740267	Hspa8	NO
chr9-41334544-41335234	0.097923265984436	0.0877882094157761	2610203C20Rik	NO
chr9-41579223-41581307	0.450961519221547	0.471570335787458	2610203C20Rik	NO
chr9-41876648-41877790	0.236551355743613	0.103451063062403	Sorl1	NO
chr9-41917950-41919789	0.846314063310335	0.129409072189933	Sorl1	NO
chr9-43238538-43240764	0.460070363949774	0.167041165833256	Oaf	YES
chr9-43660244-43661498	0.0690418815805043	0.110873110395831	Pvrl1	NO
chr9-43878994-43880604	0.135857363076756	0.262404634387362	Gm3898	NO
chr9-43919562-43920688	0.543511340568782	0.240265487978557	Gm3898	NO
chr9-43969879-43970833	0.150944251301922	0.153671486927012	Thy1	NO
chr9-44066411-44067759	0.489920205582561	0.446929080879726	Rnf26	NO
chr9-44071963-44072229	0.316667174276003	0.0407102719232228	Usp2	NO
chr9-44072519-44072947	0.29132825836237	0.0583616705256583	Rnf26	NO
chr9-44078809-44079332	0.268180371600288	0.0850500962337961	Rnf26	NO
chr9-44113033-44113928	0.425053257512119	0.456950012159684	Rnf26	NO
chr9-44417279-44418570	0.377741039176003	0.330291839927081	Ccdc84	NO
chr9-44454019-44454792	0.219178710469835	0.221149923259408	Upk2	NO
chr9-44482381-44483225	0.425566273707909	0.375912593010711	C030014I23Rik	NO
chr9-44498083-44499299	0.683320363706768	0.242275130329278	Bcl9l	NO
chr9-44499456-44500252	0.279699376631661	0.185427342644798	Bcl9l	NO
chr9-45954369-45955799	0.365588604987744	0.396525508128756	Sidt2	NO
chr9-46111815-46112845	0.333206433587032	0.0538717055832608	Sik3	NO
chr9-46119183-46120453	0.197296152214843	0.170577736708251	Sik3	NO
chr9-50616539-50618101	0.357260867860678	0.36393019283782	Pih1d2	NO
chr9-51101483-51102292	0.142373333789681	0.113643483276533	4833427G06Rik	NO
chr9-53383845-53385450	0.389621453942887	0.27655525015752	Kdelc2	NO
chr9-54500911-54502457	0.438916907933912	0.497459269679351	Dmxl2	NO
chr9-54862584-54864576	0.441528370255728	0.509024963954714	Ireb2	NO
chr9-56041197-56042654	0.48810026959207	0.449674547035418	Rcn2	NO
chr9-56829967-56830840	0.0921852297484673	0.153965429928791	Odf3l1	NO
chr9-57075651-57077511	0.561837994735075	0.632708340415718	Sin3a	NO
chr9-57588830-57590275	0.357392191940374	0.288658287069275	Ulk3	NO
chr9-57830773-57831947	0.426388507038162	0.197477823415247	Arid3b	YES
chr9-57836011-57837694	0.44875054629871	0.502894882834672	Arid3b	YES
chr9-58225998-58226610	0.0732811662327959	0.061656402070515	Pml	NO
chr9-58299312-58299776	0.0754137353773022	0.0432428880115261	Loxl1	NO
chr9-58311796-58313407	0.391893381506154	0.209441555459924	Loxl1	NO
chr9-58457343-58458033	0.658005253369568	0.175568705554259	4930461G14Rik	NO
chr9-59485289-59487345	0.502484731184038	0.529157021161134	Arih1	NO
chr9-59723007-59724758	0.34444204048907	0.216962562847876	Gramd2	NO
chr9-60024504-60025378	0.0778873017117871	0.0540544518618648	Thsd4	NO
chr9-60363841-60364558	0.0527984540194572	0.0499159097459484	Thsd4	NO
chr9-60407330-60407744	0.284551872488199	0.036802802148234	Thsd4	NO
chr9-60479522-60480714	0.547423295427678	0.07465215260753	Thsd4	NO
chr9-60687214-60688700	0.304897200389769	0.401744266033471	Lrrc49	NO
chr9-61370325-61371622	0.545242309926333	0.574347483767333	Gm10655	NO
chr9-61372118-61372663	0.450127452620771	0.443214975175769	Tle3	NO
chr9-61945998-61948345	0.58170907510767	0.435576181750542	Kif23	NO
chr9-62526339-62526831	0.492226049980114	0.0936856857800812	Coro2b	NO
chr9-62531537-62532315	0.469093661264947	0.204563312758747	Coro2b	NO
chr9-63398327-63399867	0.392829337692278	0.339249555585037	2300009A05Rik	NO
chr9-63666526-63667460	0.221811150963925	0.0726662421616148	Smad3	NO
chr9-63706225-63706697	0.0711862356659573	0.0562227781977186	Smad3	NO
chr9-63716132-63716956	0.0701495201948652	0.0920041901449552	Smad3	NO
chr9-63756566-63758737	0.704425062015399	0.266424806703162	Smad3	NO
chr9-63803064-63803715	0.335609719444479	0.0479976651747617	Smad3	NO
chr9-63855716-63856927	0.160945208211048	0.22619186522034	Smad6	NO
chr9-63896218-63896653	0.0984625241583512	0.0460210559192751	Smad6	NO
chr9-63927330-63928031	0.228272655884214	0.0681281747734516	Smad6	NO
chr9-63960274-63960714	0.376418143844168	0.0868750661204733	Smad6	NO
chr9-63968492-63969005	0.316796891839444	0.0987692354668232	Smad6	NO
chr9-63980095-63980745	0.291894756611099	0.0825756681711014	Smad6	NO
chr9-64021721-64023338	0.865663640660875	0.276612592794833	Smad6	NO
chr9-64060003-64060533	0.133153404797543	0.0616408980336457	1110036E04Rik	NO
chr9-65100818-65103189	0.511239413751052	0.347140598186585	Igdcc4	NO
chr9-65108812-65110295	0.469130958341588	0.209955060839049	Igdcc4	NO
chr9-65579630-65581305	0.587575060937007	0.4267051990592	Plekho2	NO
chr9-66620542-66621017	0.0388459877647299	0.0373363792168772	Usp3	NO
chr9-66794653-66796410	0.52141806873603	0.408373662113695	Aph1b	NO
chr9-67043187-67044230	0.48554385474627	0.441067225130807	Tpm1	NO
chr9-67565673-67566437	0.119804415546621	0.0374378159770233	Tln2	NO
chr9-70174185-70175627	0.110759177024608	0.104427223751945	Gm26849	NO
chr9-72639101-72641095	0.598732341423954	0.291725239054511	Rfx7	NO
chr9-72828563-72829219	0.068082856887337	0.0420438049175611	Prtg	NO
chr9-78480752-78482659	0.538826303743073	0.581477916666865	Eef1a1	NO
chr9-83144790-83147103	0.529673959588571	0.363840800697776	Hmgn3	NO
chr9-86188896-86189276	0.0716919081983876	0.016469215257915	Ube2cbp	NO
chr9-95813545-95814827	0.811918338170317	0.0564255265781636	Pls1	NO
chr9-96195500-96197211	0.439023794949514	0.399642573452785	Tfdp2	NO
chr9-96363382-96364847	0.613331735641143	0.415722182288096	Atp1b3	NO
chr9-100544858-100546919	0.500404633870531	0.510232210228027	Nck1	NO
chr9-100642302-100644729	0.656324930681274	0.55692673353708	Stag1	NO
chr9-106202471-106203794	0.418771588694655	0.366492683390984	Twf2	NO
chr9-106367283-106369410	0.529677578743696	0.551654674239808	Dusp7	NO
chr9-106428767-106430105	0.430491579368301	0.451483684207766	Rpl29	NO
chr9-106437606-106439024	0.583646213961781	0.346953939722885	Acy1	NO
chr9-106447121-106447842	0.397641728435259	0.205924972204524	Abhd14a	NO
chr9-106476414-106477584	0.494632478995981	0.536767974425134	Rrp9	NO
chr9-106885796-106887519	0.479870312132756	0.544085934385992	Rbm15b	NO
chr9-107289109-107289977	0.243691579809384	0.0740982099485076	Mapkapk3	YES
chr9-107553681-107555369	0.511196496640321	0.521368164900133	Rassf1	NO
chr9-107576681-107577064	0.403990622010174	0.112285031397713	Hyal1	NO
chr9-107587288-107588170	0.471561896672407	0.468979747990544	Ifrd2	NO
chr9-107626299-107627356	0.49820288394831	0.29565062119402	Gnai2	NO
chr9-107635006-107635655	0.488152544002345	0.383167344814708	Gnai2	NO
chr9-107697804-107698833	0.685429302255961	0.155854127717739	Sema3f	NO
chr9-107735405-107736271	0.275753824005355	0.172897994271674	Rbm5	NO
chr9-107871814-107873261	0.42235319167404	0.462828740560812	Rbm6	NO
chr9-107906500-107907014	0.104896525497618	0.113802416787094	Mst1r	NO
chr9-108052716-108053278	0.299124439159042	0.258433814522187	Gmppb	NO
chr9-108093611-108095864	0.448138294658605	0.357094565645152	Apeh	NO
chr9-108200943-108201584	0.313491958618076	0.279693331620288	Dag1	NO
chr9-108262774-108264686	0.535882812817706	0.527268284954466	Dag1	NO
chr9-108501159-108502001	0.0852699074058172	0.092198864026469	Usp19	NO
chr9-108559952-108560938	0.453968749022863	0.405130119699481	Impdh2	NO
chr9-108782826-108784485	0.449078798020928	0.489103167114689	Ip6k2	NO
chr9-108831963-108833112	0.396066928447053	0.269588302675657	Celsr3	NO
chr9-108853430-108854916	0.515362478604332	0.424180534912694	Slc26a6	NO
chr9-108991277-108992466	0.435973209635832	0.462673889260158	Pfkfb4	NO
chr9-109104814-109105441	0.276222609673721	0.0557429571781068	Plxnb1	NO
chr9-110709367-110710339	0.169995985784974	0.168878505509503	Ccdc12	NO
chr9-110725639-110726158	0.11311904807631	0.100398611838913	Pth1r	YES
chr9-113930151-113931964	0.509147464999197	0.517902644340512	Ubp1	NO
chr9-114389407-114390894	0.34277931205021	0.195404187794352	Crtap	NO
chr9-114639115-114640796	0.438446670220471	0.452260164071813	Cnot10	NO
chr9-114932733-114934765	0.436076959402453	0.318395130488593	Gpd1l	NO
chr9-115309007-115311122	0.547497929326887	0.595980262806567	Stt3b	NO
chr9-116808930-116809610	0.092729856755424	0.0669754467006979	Rbms3	NO
chr9-118039768-118041372	0.468933961104044	0.528772738459144	Azi2	NO
chr9-118762776-118763907	0.062730813685037	0.0794673341569864	Itga9	NO
chr9-118919472-118920354	0.122937553219018	0.13274344485579	Gm16295	NO
chr9-119339562-119341904	0.531288313943234	0.477226184120288	Acaa1a	NO
chr9-120001690-120002625	0.376046805978638	0.116426702615529	Cx3cr1	NO
chr9-120126906-120128302	0.448838741135776	0.464725213704552	Rpsa	NO
chr9-120618948-120620945	0.410044892437596	0.220146106763693	5830454E08Rik	NO
chr9-120866371-120867071	0.36835032993897	0.146381881875165	1700020M21Rik	NO
chr9-121666984-121668070	0.0689697378113053	0.242966785813301	Vipr1	YES
chr9-122247325-122248526	0.140663216443232	0.171003122616087	Ano10	NO
chr10-3972731-3974136	0.497323081201484	0.241980063678604	Mthfd1l	NO
chr10-4105501-4106867	0.482881378869258	0.116823921156031	Mthfd1l	NO
chr10-4386171-4388524	0.591408878258907	0.607159820134263	Zbtb2	NO
chr10-7725107-7726711	0.379819548811201	0.382462125552949	Katna1	NO
chr10-8885251-8886753	0.645204670259591	0.182088179586464	Sash1	NO
chr10-8928801-8929940	0.192677465799863	0.161889228302527	Gm26674	NO
chr10-11148435-11150554	0.46186299195846	0.500836505884513	Shprh	NO
chr10-13116785-13117729	0.631312175424596	0.079182250726876	Plagl1	NO
chr10-13916543-13917320	0.367786371078428	0.0553224864401371	Aig1	NO
chr10-14017608-14018370	0.0557750739671923	0.0776979216173719	Hivep2	NO
chr10-19591217-19592562	0.442064754573039	0.306786052721146	Ifngr1	NO
chr10-26771928-26773429	0.572335411381421	0.195951793603843	Arhgap18	NO
chr10-36729123-36730125	0.0882962311079728	0.0881697344168901	Hs3st5	NO
chr10-40300317-40301774	0.436776241667767	0.311625082779696	Amd1	NO
chr10-40348285-40350374	0.483830156754498	0.555708574513799	Cdk19	NO
chr10-41809075-41810871	0.573304765716065	0.444485438381856	Cep57l1	NO
chr10-42173689-42174560	0.0734248673098273	0.0881251987882692	Foxo3	NO
chr10-42859789-42860960	0.222256766470005	0.271480067464166	Scml4	NO
chr10-43972793-43973693	0.148109051725756	0.0441768420160068	Aim1	NO
chr10-52381071-52382930	0.45028071218961	0.516587519994032	Gopc	NO
chr10-52742494-52743200	0.597682001799314	0.153691850540767	Slc35f1	NO
chr10-58322654-58323998	0.679696634586243	0.449367851002469	Lims1	NO
chr10-59628356-59629631	0.314910666925053	0.0557631590962404	Mcu	NO
chr10-59701758-59703279	0.530218416435987	0.41151558865205	Micu1	NO
chr10-59950347-59952884	0.599837971314128	0.561112816606079	Ddit4	NO
chr10-59978629-59979617	0.151826353218393	0.12246803051495	Anapc16	NO
chr10-60566313-60566889	0.0409801562043315	0.0744538387902061	Cdh23	NO
chr10-60691005-60692449	0.661182164340849	0.150556114961529	Cdh23	NO
chr10-60830907-60831825	0.446631317620927	0.35920828294906	Unc5b	NO
chr10-61330735-61331465	0.0372744690766855	0.162183821205461	Pald1	NO
chr10-62339185-62341154	0.484130342480597	0.448936848062761	Hk1	NO
chr10-62650382-62652311	0.538383530725473	0.579426486449113	Ddx50	NO
chr10-67565843-67566523	0.274509283129182	0.0490848350117116	Gm10797	NO
chr10-67911510-67912955	0.395982607995067	0.209111404469852	Zfp365	NO
chr10-68897378-68897866	0.166882296145944	0.0427734849696831	Tmem26	NO
chr10-69185431-69186795	0.171891538344061	0.157322677975842	Rhobtb1	NO
chr10-69351822-69353334	0.561381671179015	0.332956163619252	Cdk1	NO
chr10-74952536-74953394	0.0219297945275549	0.058215025122776	Rsph14	NO
chr10-75120976-75121367	0.124036598867961	0.0679055998326576	Bcr	NO
chr10-75516350-75518416	0.53738866533189	0.543441175407547	Gucd1	NO
chr10-75892719-75893943	0.416055600517019	0.524855936830638	Derl3	NO
chr10-76961164-76962552	0.520446343403923	0.565111548571259	Pcbp3	NO
chr10-77116120-77117345	0.245765704116164	0.0652103434325849	Col18a1	YES
chr10-77129765-77131373	0.304524506209425	0.238950676364558	Col18a1	YES
chr10-77206359-77207034	0.0410236906865338	0.0510597535760759	Col18a1	YES
chr10-77484138-77484877	0.0718216340177744	0.0602340147553811	Fam207a	NO
chr10-77509370-77510172	0.156105644367087	0.151843473586554	2810425M01Rik	NO
chr10-78168968-78170651	0.405346336165616	0.4517698736708	D10Jhu81e	NO
chr10-78297628-78298385	0.0515416474449425	0.0576897810361202	Agpat3	NO
chr10-79926497-79927787	0.341719854858068	0.416508251440899	Arid3a	NO
chr10-79983652-79985986	0.512106611573185	0.578541258900866	Tmem259	NO
chr10-80052941-80054853	0.543105357802253	0.520168184763699	Gpx4	NO
chr10-80070903-80071446	0.0987161563860527	0.0616079427032971	Sbno2	NO
chr10-80141235-80141758	0.336279255125543	0.377380480507649	Atp5d	NO
chr10-80141981-80142502	0.408180983744661	0.419743327463818	Atp5d	NO
chr10-80150249-80150991	0.530037975004628	0.343667178226793	Midn	NO
chr10-80159165-80160289	0.421367202208781	0.545970055864959	Midn	NO
chr10-80167267-80168547	0.525214824919016	0.554947752534528	Cirbp	NO
chr10-80225804-80227225	0.589908529819516	0.514975378611628	Mum1	NO
chr10-80260413-80261946	0.660453430765824	0.370334992307939	Dazap1	NO
chr10-80329159-80330462	0.589989125974647	0.444006973243903	Reep6	NO
chr10-80348359-80349207	0.228758227616347	0.107387263982914	Adamtsl5	NO
chr10-80398532-80400109	0.564860163440293	0.622954553884884	Mbd3	NO
chr10-80589511-80590930	0.470601489083123	0.453970040210583	Abhd17a	NO
chr10-80621230-80623690	0.55801079038068	0.639888024057409	Csnk1g2	NO
chr10-80655733-80657251	0.464751880219039	0.543623759282252	Btbd2	NO
chr10-80664513-80665252	0.184743450793055	0.107827835212701	Mknk2	YES
chr10-80675539-80677231	0.552052826895214	0.58109750231473	Mknk2	YES
chr10-80678103-80678456	0.386649455373237	0.159662456249515	Gm26541	NO
chr10-80741409-80742937	0.513541278653017	0.535413596691797	Ap3d1	NO
chr10-80751278-80752385	0.315966361886856	0.140344946691171	Dot1l	NO
chr10-80825839-80827339	0.531067212354646	0.584583645616039	Oaz1	NO
chr10-80899880-80901230	0.484891831202491	0.527645768534379	Timm13	NO
chr10-81014111-81015262	0.459703668162394	0.453677800106061	Gng7	NO
chr10-81059155-81060564	0.48769479329582	0.483453694167947	Sgta	NO
chr10-81135889-81138504	0.607107284568379	0.620997624714802	Zbtb7a	NO
chr10-81292428-81293647	0.521540713348818	0.538493931619711	Pip5k1c	NO
chr10-81319410-81321488	0.564403652302557	0.606960109171649	Cactin	NO
chr10-81349733-81351070	0.484168739986549	0.51003363794429	Hmg20b	NO
chr10-81377805-81379360	0.570874442818214	0.590081294172806	Fzr1	NO
chr10-81424700-81424903	0.255068481391132	0.0646623648816355	Nfic	NO
chr10-81544190-81546109	0.527140424847953	0.586332051520494	Gna11	NO
chr10-82762719-82764692	0.491812218392994	0.53562897934168	Nfyb	NO
chr10-82858531-82861120	0.42807097403411	0.389984521315627	Txnrd1	NO
chr10-84401218-84402438	0.142377692943713	0.161242969052733	Nuak1	NO
chr10-84888901-84890129	0.263261507625548	0.130513887265916	Rfx4	NO
chr10-86166740-86167402	0.0906258822337323	0.0342975146063382	Syn3	NO
chr10-86497696-86499356	0.405588401811915	0.39976825590218	Syn3	NO
chr10-86704537-86706742	0.52717098068447	0.56722415844871	Hsp90b1	NO
chr10-88503076-88504525	0.503827338055174	0.358452514055601	Chpt1	NO
chr10-89111021-89112098	0.066148700750426	0.0552061915903644	Ano4	NO
chr10-91081880-91083830	0.56247934643265	0.529340094014647	Ikbip	NO
chr10-91236824-91237208	0.239124010448407	0.0436184025796793	Tmpo	NO
chr10-92073666-92074229	0.140860240049732	0.0549451915047288	Rmst	NO
chr10-92721554-92722951	0.38511390217795	0.27810365330112	Nedd1	NO
chr10-94544849-94546189	0.288055256760894	0.134464474920448	Tmcc3	NO
chr10-95513938-95515975	0.536556772525803	0.564005188490176	Ube2n	NO
chr10-96459845-96461558	0.370051570618516	0.0898847197142845	Btg1	NO
chr10-116017428-116019761	0.305325943692789	0.373145317013917	Ptprr	NO
chr10-120421881-120422667	0.451821099247049	0.217731689194804	Hmga2	NO
chr10-120428338-120429205	0.440932703949758	0.111474037457821	Hmga2	NO
chr10-120604446-120604899	0.12143420676114	0.050341396663703	Hmga2	NO
chr10-120914983-120915616	0.232257365603427	0.0456673965776071	Lemd3	NO
chr10-120961644-120962065	0.0415800146364631	0.0395340912111248	Lemd3	NO
chr10-120977669-120979994	0.424513072340347	0.448885438007837	Lemd3	NO
chr10-121296998-121297940	0.124936686798655	0.132785257019988	Tbc1d30	NO
chr10-121475455-121477013	0.625867261512371	0.301121669736821	Rassf3	NO
chr10-121836354-121838010	0.586389897359159	0.189438473899992	Srgap1	NO
chr10-126961713-126963229	0.342122181862495	0.236627054094065	Ctdsp2	NO
chr10-126971769-126972564	0.303007829881186	0.111451689186513	Ctdsp2	NO
chr10-126978020-126980793	0.710711175581881	0.479848645700388	Ctdsp2	NO
chr10-127062963-127064158	0.515803067968503	0.580983403557712	Cdk4	NO
chr10-127120333-127121478	0.394369042752606	0.504261944416987	Os9	NO
chr10-127288310-127289598	0.505187008677834	0.447310363630796	Mbd6	NO
chr10-127379946-127381485	0.588785323588184	0.471268261006613	R3hdm2	NO
chr10-127563590-127564065	0.0636239813992852	0.0606665798982039	Lrp1	NO
chr10-127596261-127596691	0.123037917576449	0.0521656620626869	Lrp1	NO
chr10-127619750-127622326	0.48491398541336	0.477314963411803	Lrp1	NO
chr10-127666319-127667155	0.285120891786277	0.181855349289502	Nab2	NO
chr10-127667617-127668479	0.213451047555198	0.139061897889958	Nab2	NO
chr10-127676344-127678242	0.506152400932853	0.516331516516375	Tmem194	NO
chr10-128302359-128304437	0.474375736493724	0.505164255048739	Pan2	NO
chr10-128321631-128323320	0.489431365330376	0.366041883014631	Cnpy2	NO
chr10-128408753-128410102	0.478217720336868	0.452392328129947	Nabp2	NO
chr10-128524389-128526397	0.433563656847177	0.414544021459258	Esyt1	NO
chr10-128535933-128536937	0.247434470680348	0.190087447119521	Zc3h10	NO
chr10-128548457-128549819	0.39603055922062	0.49070814836473	Rpl41	NO
chr10-128565114-128566736	0.554395639688842	0.507687266338419	Pa2g4	NO
chr10-128821000-128822402	0.457552428735618	0.50161049343988	Sarnp	NO
chr10-128922298-128923976	0.518483840220103	0.420836765902606	Bloc1s1	NO
chr11-3292037-3292346	0.308505878026985	0.110176724765338	Patz1	NO
chr11-3302209-3303042	0.0646498255898705	0.0691072442492555	Patz1	NO
chr11-3373642-3374601	0.500716962034117	0.104399473208759	Limk2	NO
chr11-4220318-4220770	0.142301110430938	0.0783808972670028	Gatsl3	NO
chr11-4260429-4261556	0.36496283262725	0.117021962973946	Lif	YES
chr11-4291456-4292195	0.0901364678255449	0.0268260219562565	Gm11958	NO
chr11-4308265-4309332	0.0590892345758041	0.0552792394185547	Gm11958	NO
chr11-4636795-4638503	0.386631442380642	0.24449541829649	Ascc2	NO
chr11-5243755-5245433	0.12272276658733	0.131173785785352	Kremen1	NO
chr11-5484772-5486271	0.248630244781702	0.218730613677624	Xbp1	NO
chr11-5795402-5796068	0.0508337140942987	0.0947277377286623	Dbnl	NO
chr11-5837155-5838299	0.372464183991365	0.310804875956248	Polm	NO
chr11-6000028-6001546	0.550588371643438	0.187073857750031	Camk2b	NO
chr11-6414934-6416893	0.546905944194001	0.542029023385397	Ppia	NO
chr11-6443216-6445747	0.583406859675837	0.539589735938546	H2afv	NO
chr11-6545775-6547408	0.584468620925759	0.473839593044353	Ccm2	NO
chr11-8539759-8540189	0.242652810366081	0.0204416153572677	Tns3	NO
chr11-12231151-12232937	0.481904084065783	0.15607244353376	Cobl	NO
chr11-20347400-20348224	0.390709486806983	0.0654213529919329	Slc1a4	NO
chr11-20400194-20401326	0.436635680610523	0.167951602466173	Slc1a4	NO
chr11-20460178-20461090	0.2328454987188	0.0544271766680063	Sertad2	NO
chr11-20594337-20594861	0.0553673393666053	0.0375660500584552	Sertad2	NO
chr11-20602886-20604041	0.181824666803556	0.11502409675213	Sertad2	NO
chr11-20631169-20632836	0.58278132876597	0.478887419136398	Sertad2	NO
chr11-20639792-20640643	0.471723105559295	0.121132911922649	Sertad2	NO
chr11-20858686-20860145	0.849378056351507	0.0757604222806892	Gm12037	NO
chr11-20896110-20897015	0.115098053514605	0.0413132686068736	Gm12037	NO
chr11-21090438-21092302	0.523978997699968	0.490989520959819	Peli1	NO
chr11-22001320-22002213	0.664575203877645	0.295571814630684	Otx1	NO
chr11-22004324-22004808	0.49216747117195	0.135335422601984	Ehbp1	NO
chr11-23496546-23498858	0.554666793596895	0.495912888905705	Ahsa2	NO
chr11-24128006-24128508	0.0623758361548213	0.0811130148227496	Bcl11a	NO
chr11-30197225-30198772	0.345779462291532	0.224863654299478	Sptbn1	NO
chr11-32235294-32237284	0.55085536255192	0.210575981430751	Nprl3	NO
chr11-32383122-32384552	0.552246354873988	0.0773164012507908	Sh3pxd2b	NO
chr11-32551594-32552303	0.273594314914058	0.0702713146409067	Stk10	NO
chr11-32552492-32552790	0.0832677870468095	0.0345078556492126	Stk10	NO
chr11-32580319-32581406	0.177538863291604	0.17599632051259	Stk10	NO
chr11-32604686-32605793	0.476430338328644	0.0664234224212725	Stk10	NO
chr11-33070153-33070946	0.422849725231509	0.0547464396780616	Gm12114	NO
chr11-33122273-33123333	0.166336343521173	0.0932554672169028	Fgf18	NO
chr11-34009947-34011167	0.031818584768044	0.0485009236849353	4930469K13Rik	NO
chr11-35294648-35295755	0.474202167565244	0.102748594815756	Slit3	NO
chr11-35768031-35770413	0.534891001178298	0.540182277501545	Pank3	NO
chr11-35933413-35934230	0.356010090480096	0.0876694368350176	Wwc1	NO
chr11-35948291-35948964	0.255774505098909	0.0508801418568085	Wwc1	NO
chr11-35979230-35980955	0.408002550371429	0.304026879141229	Wwc1	NO
chr11-40592007-40592594	0.034806205940639	0.0654944542545075	Mat2b	NO
chr11-43642565-43644229	0.417231600845062	0.181069266791748	Pwwp2a	NO
chr11-49249928-49251188	0.369522482210755	0.138164422016446	Mgat1	NO
chr11-51526170-51527227	0.0940524294955243	0.114506401132822	Col23a1	NO
chr11-51619078-51620069	0.431428536487458	0.379253152870464	Nhp2	NO
chr11-51915507-51916963	0.243775969138164	0.126631721954582	Gm26551	NO
chr11-52333431-52334016	0.327497617863834	0.0906287559272429	Vdac1	NO
chr11-52446756-52447671	0.522975275259786	0.0465940407095111	9530068E07Rik	NO
chr11-53762787-53764195	0.398135157844516	0.150794602468784	Irf1	NO
chr11-53769361-53770854	0.363147074602312	0.299290393390953	Irf1	NO
chr11-53890816-53892437	0.533040617248635	0.459401137409834	Slc22a5	NO
chr11-54786644-54788371	0.525534936874019	0.512854031740203	Cdc42se2	NO
chr11-54955537-54956578	0.393827994152872	0.407634552751903	Tnip1	NO
chr11-55022581-55023884	0.600270648886778	0.149510622315202	Anxa6	NO
chr11-55077064-55078384	0.213417998968106	0.139248745876027	Ccdc69	NO
chr11-55427893-55428613	0.344156607401976	0.0902936465451369	Sparc	NO
chr11-55468465-55470559	0.524872950176733	0.615728735199618	G3bp1	NO
chr11-58641752-58642369	0.0182285351992619	0.0735950750429102	Trim58	NO
chr11-59458841-59459435	0.133310975961928	0.0300290876789779	Jmjd4	NO
chr11-59504954-59507016	0.558376866336305	0.35844272269188	Zkscan17	NO
chr11-59707434-59708595	0.423063816444538	0.18400913463542	Mprip	NO
chr11-59838519-59840251	0.477232082647488	0.533880381757815	Cops3	NO
chr11-60104531-60107034	0.47266088146428	0.440552399627212	Rai1	NO
chr11-60113908-60115843	0.495439275607599	0.379257615550302	Rai1	NO
chr11-60210152-60210768	0.487340518724951	0.358468069509864	Srebf1	NO
chr11-60931197-60932823	0.470997276522932	0.427488964951472	Map2k3	YES
chr11-61059620-61060405	0.205170897403123	0.0382864247837495	Kcnj12	NO
chr11-61174085-61175672	0.544037134020995	0.61786017544637	Usp22	NO
chr11-61484220-61485758	0.363141392968033	0.328431998265614	Mfap4	NO
chr11-62075795-62077839	0.570411381433495	0.41972463307775	Specc1	NO
chr11-62910954-62911994	0.217869084411564	0.0309481833457001	Tvp23b	NO
chr11-62920026-62922217	0.22338950847916	0.212724653437555	Tvp23b	NO
chr11-62966062-62968108	0.634568709201655	0.06951980612437	Cdrt4	NO
chr11-63132271-63133271	0.405662048450421	0.095144955085814	Pmp22	NO
chr11-63135104-63136406	0.408461990817396	0.14514642392312	Pmp22	NO
chr11-66998471-66999278	0.103822398348368	0.0637299476532139	Gm12299	NO
chr11-68214711-68215771	0.206946503378077	0.132204257621127	Ntn1	NO
chr11-69058952-69060611	0.480516679182202	0.513425332211413	2310047M10Rik	NO
chr11-69094593-69095301	0.477654659649186	0.565571677068879	Per1	NO
chr11-69109572-69111192	0.396916951059474	0.297962092956056	Per1	NO
chr11-69117674-69119150	0.399031887385204	0.306021791856946	9130213A22Rik	NO
chr11-69125066-69125745	0.279999921863696	0.294680212148895	Aloxe3	NO
chr11-69323143-69324435	0.429506074565697	0.468244451321229	Trappc1	NO
chr11-69408522-69408860	0.335586972812646	0.269911742109047	Kdm6b	NO
chr11-69409209-69409990	0.423653152894065	0.307220258324804	Kdm6b	NO
chr11-69578628-69579624	0.446468303860251	0.437538342748888	Wrap53	NO
chr11-69662002-69663425	0.438888329644139	0.445684229002983	Mpdu1	NO
chr11-69670843-69672968	0.518355610861727	0.617914565661845	Eif4a1	NO
chr11-69795040-69795969	0.401081567536671	0.290530510412572	Chrnb1	NO
chr11-69836571-69838727	0.541330039024416	0.582273565553518	Tmem256	NO
chr11-69845897-69847533	0.460358130717658	0.429501372529138	Plscr3	NO
chr11-69880504-69881703	0.334635053589885	0.148152384248769	Acap1	NO
chr11-69920193-69922108	0.558427325136258	0.607096215743115	Eif5a	NO
chr11-69979795-69981605	0.514740345738628	0.575282851675626	Elp5	NO
chr11-70028760-70030474	0.467907116690838	0.55323012049423	Dlg4	NO
chr11-70431543-70433696	0.487474238377738	0.566826763928932	Arrb2	NO
chr11-70561875-70563972	0.50071660004091	0.414880554056267	Mink1	NO
chr11-71018526-71020168	0.48162393014087	0.565043303992255	Derl2	NO
chr11-71757922-71759008	0.652908956422076	0.113849624697664	Wscd1	NO
chr11-72497356-72497776	0.0199688024869789	0.0592772697768292	Spns3	NO
chr11-73018279-73019911	0.378802663670944	0.489778530504389	Camkk1	NO
chr11-74829719-74832562	0.614049370584043	0.629469865650428	Mnt	NO
chr11-75146923-75148196	0.166495476326596	0.140232206834846	Smg6	NO
chr11-75460030-75462764	0.525098693464709	0.589095612604476	Mir22hg	NO
chr11-75549894-75550893	0.158843886673542	0.0726609887935876	Slc43a2	NO
chr11-75630087-75632107	0.451962950966723	0.494268599898054	Inpp5k	NO
chr11-75651215-75652144	0.315038839768512	0.273323254317757	Myo1c	NO
chr11-76267625-76268916	0.410679058541769	0.101506267037095	Nxn	NO
chr11-76406059-76407776	0.406029176097829	0.441594834131475	Timm22	NO
chr11-77514462-77515908	0.369279386413426	0.2088201441368	Trp53i13	NO
chr11-77815785-77816284	0.14429189322143	0.0997672624398817	Myo18a	NO
chr11-77893590-77894727	0.861114626866998	0.213046882127596	Pipox	NO
chr11-78031644-78033074	0.389826664179842	0.370862482449826	Dhrs13	NO
chr11-78044656-78045135	0.0874744441786132	0.0520381028074472	Flot2	NO
chr11-78176135-78176810	0.338193473965945	0.251679229271453	Nek8	NO
chr11-78188157-78189926	0.643738209235654	0.377308911238231	Rab34	NO
chr11-78327921-78329083	0.400301132653818	0.378330244781817	Pigs	NO
chr11-78511675-78512953	0.422891488156329	0.422668636402803	Poldip2	NO
chr11-78535221-78537062	0.471130044894164	0.51628922152833	Ift20	NO
chr11-78550039-78551735	0.523644764779135	0.506390286906691	Tmem97	NO
chr11-78696584-78698235	0.522802174567173	0.554055212825191	Nlk	NO
chr11-78826106-78827062	0.375482564223768	0.374069256196761	Lyrm9	NO
chr11-79013731-79014597	0.0960249652638949	0.059886142871037	Ksr1	NO
chr11-79094314-79095227	0.106750773976673	0.086421439010294	Ksr1	NO
chr11-79145532-79146966	0.42535543349811	0.459802462777264	Ksr1	NO
chr11-79646214-79647301	0.518601824287512	0.112495576479803	Rab11fip4	NO
chr11-79729292-79730251	0.522909975582164	0.0861710612711232	Gm11205	NO
chr11-79735920-79737766	0.223328545095165	0.187056103699519	Gm11205	NO
chr11-79992246-79994057	0.568866031039983	0.513412463635902	Suz12	NO
chr11-83534102-83535309	0.14583390772945	0.109825099405407	Ccl5	NO
chr11-84522625-84522897	0.0505919113838293	0.0894574673796177	Lhx1	NO
chr11-84627789-84628452	0.0740098767276643	0.0808017904980264	1700109G15Rik	NO
chr11-85138717-85140816	0.574830245770909	0.518349867538972	Usp32	NO
chr11-85352229-85353642	0.431701175565318	0.52514577717717	Bcas3	NO
chr11-85714288-85715088	0.130878255040912	0.0511624696581744	Bcas3	NO
chr11-85843143-85843775	0.317302708868804	0.122170643839727	Tbx2	NO
chr11-86483775-86485774	0.525117913306019	0.480197830400639	Rnft1	NO
chr11-86543702-86545384	0.448131315935865	0.471908699069329	Rps6kb1	NO
chr11-86806669-86808208	0.386236374582555	0.361070227265273	Dhx40	NO
chr11-87107991-87110129	0.543595779474387	0.587529139189818	Ska2	NO
chr11-87462271-87463055	0.233410839244558	0.174585462679062	Tex14	NO
chr11-88215168-88216941	0.229346249927565	0.197530353055271	Mrps23	NO
chr11-88467877-88468165	0.136580319584648	0.0435496680673055	Msi2	NO
chr11-88524550-88525699	0.220212301657768	0.19678253757299	Msi2	NO
chr11-88528660-88529049	0.249698798829445	0.064078150509712	Msi2	NO
chr11-88540067-88540540	0.485133803718301	0.0644401038018439	Msi2	NO
chr11-88594008-88594284	0.092768769136424	0.0420185742222413	Msi2	NO
chr11-88717574-88719134	0.530519957174815	0.462828967577696	Msi2	NO
chr11-88954410-88955941	0.373244588547907	0.274503922922944	Scpep1	NO
chr11-90248458-90250617	0.536305121066914	0.539842028685809	Mmd	NO
chr11-90355230-90356548	0.190209461913901	0.0720702878817141	Hlf	NO
chr11-94326839-94329032	0.628251777079026	0.421144097210611	Ankrd40	NO
chr11-94880727-94882363	0.143044536454145	0.12022596840743	Col1a1	NO
chr11-94970105-94970916	0.202281093562624	0.181189251668565	Sgca	NO
chr11-95009016-95010669	0.556168641915919	0.411129324119245	Samd14	NO
chr11-95309062-95311004	0.478610786250948	0.583366359480358	Kat7	NO
chr11-95515579-95515852	0.0197516077675112	0.135611733789598	Nxph3	NO
chr11-95520363-95521998	0.268459810613741	0.337342899508263	Nxph3	NO
chr11-95666277-95667569	0.428482062707315	0.446140693086662	Phb	NO
chr11-96034119-96035441	0.25281670721386	0.297436358607195	Snf8	NO
chr11-96776603-96778132	0.44612182495292	0.417193775252527	Snx11	NO
chr11-96823459-96824672	0.366397988069957	0.357524384672438	Nfe2l1	NO
chr11-96862712-96863989	0.280269287037688	0.259424816799282	Gm11523	NO
chr11-96976870-96978540	0.561842417597563	0.596521513163702	Sp2	NO
chr11-97025773-97026409	0.186739080509933	0.19788573206541	Gm11532	NO
chr11-97186790-97188744	0.633935164150409	0.597626431073278	Kpnb1	NO
chr11-97361568-97363433	0.456022112690693	0.47351442280694	Socs7	NO
chr11-97415176-97416277	0.363379669370827	0.141435864927765	Arhgap23	NO
chr11-97439965-97441576	0.269120480095128	0.151076132791009	Arhgap23	NO
chr11-97449437-97450986	0.255621556496129	0.375594238253158	Arhgap23	NO
chr11-97622130-97623018	0.189225704427956	0.189502045430029	2410003L11Rik	NO
chr11-97743891-97745599	0.532253829316883	0.586520350320997	Pip4k2b	NO
chr11-97804844-97805348	0.301938106443649	0.132377275231409	Lasp1	NO
chr11-97883169-97885091	0.494521117984228	0.494315488630966	Fbxo47	NO
chr11-98047478-98048096	0.14842018792819	0.118171427471466	Stac2	NO
chr11-98741376-98742881	0.517832166722216	0.386014355647153	Thra	NO
chr11-98773665-98774280	0.445893645802743	0.286793914785155	Nr1d1	NO
chr11-98788819-98789429	0.365668877523107	0.246398927830846	Msl1	NO
chr11-98937205-98937935	0.440490670716693	0.331297498960022	Rara	NO
chr11-98951220-98951936	0.413239952434627	0.102061624868523	Rara	NO
chr11-98963323-98963889	0.49963861100377	0.18655501554506	Rara	NO
chr11-100396835-100398265	0.291728234677393	0.496784743184816	Jup	NO
chr11-100413736-100415814	0.39557444855286	0.283121692963265	Fkbp10	NO
chr11-100526545-100528614	0.542695275554506	0.550742792339887	Acly	NO
chr11-100702021-100703059	0.17808793295085	0.167330032070029	Dhx58	YES
chr11-100938640-100940189	0.560256433597721	0.496505788258965	Stat3	NO
chr11-100969097-100970910	0.284309894820478	0.121646686337851	Ptrf	NO
chr11-101140039-101141189	0.492903384976912	0.109537488540553	Tubg1	NO
chr11-101230161-101231267	0.110673154685205	0.0948925782723859	Ezh1	NO
chr11-101277913-101279530	0.324700942033501	0.363638891192093	Coa3	NO
chr11-101464961-101466351	0.297963757066116	0.356572005429725	Vat1	NO
chr11-101626433-101628540	0.53759781322282	0.309606404922651	Rdm1	NO
chr11-102284309-102285479	0.505083789445846	0.494698449477171	Tmub2	NO
chr11-102295744-102297611	0.593314621566627	0.595661562631631	Atxn7l3	NO
chr11-102466807-102467955	0.620118819141194	0.296194113226943	Itga2b	NO
chr11-102632876-102633975	0.182566618228921	0.146769456559894	2810433D01Rik	NO
chr11-102945989-102947243	0.458270344753863	0.268645396863982	C1ql1	NO
chr11-103266607-103268170	0.60296526609252	0.476960645051482	Map3k14	NO
chr11-103311537-103312391	0.17466479721028	0.110438019545405	Arhgap27	NO
chr11-103360120-103360837	0.343689454211122	0.205327870876544	Arhgap27	NO
chr11-104028691-104029660	0.029362056059019	0.103057327852144	Arf2	NO
chr11-106159088-106161594	0.445217905544539	0.497982597361906	Limd2	NO
chr11-108342769-108344554	0.414016395556534	0.478996922294074	Prkca	NO
chr11-109297324-109298487	0.355079465409037	0.316569209107593	Rgs9	NO
chr11-109424926-109426595	0.617483131047343	0.460139198902644	Amz2	NO
chr11-112788266-112788650	0.153730838634842	0.0550282027788075	Sox9	NO
chr11-112950900-112951824	0.339753367899273	0.0375612560480114	2610035D17Rik	NO
chr11-113292006-113292625	0.155444168058132	0.0553298861986506	Slc39a11	NO
chr11-114335126-114337451	0.775389858977199	0.168614900973517	4932435O22Rik	NO
chr11-114467553-114468713	0.510161599258172	0.211014916793088	4932435O22Rik	NO
chr11-115164927-115165218	0.139928899416756	0.0447529056864909	Slc9a3r1	NO
chr11-115270177-115270828	0.165113898296434	0.169966334157147	Fdxr	NO
chr11-115512994-115514719	0.515989162815255	0.486556389922345	Hn1	NO
chr11-115778876-115779659	0.262428348960833	0.0870963347049429	2310067B10Rik	NO
chr11-115823238-115824645	0.265960330322745	0.204921561539464	Llgl2	NO
chr11-115858769-115860227	0.364930599924045	0.192947814657528	Myo15b	NO
chr11-116023474-116024868	0.469106119722527	0.55141662465109	H3f3b	NO
chr11-116029638-116031313	0.515625494339461	0.548236658017831	Unk	NO
chr11-116101786-116102667	0.59901704319734	0.0729216218031675	Trim47	NO
chr11-116108647-116108994	0.144178829598669	0.040140739225324	Trim47	NO
chr11-116218505-116219315	0.283146558613088	0.108255715690037	Evpl	NO
chr11-116335057-116335997	0.491471147624135	0.419563756151438	Foxj1	NO
chr11-116433339-116435192	0.512295309309933	0.554117148030586	Ubald2	NO
chr11-116620957-116621559	0.121983171147688	0.0825936875327021	Rhbdf2	NO
chr11-116808126-116808512	0.157249193824952	0.156644696952611	Mxra7	NO
chr11-116842439-116844150	0.50110123262776	0.462907557219732	Jmjd6	NO
chr11-116851890-116854118	0.538513662724072	0.593424925959616	Srsf2	NO
chr11-117231673-117232705	0.0770318701376928	0.10217137808486	Sept9	NO
chr11-117255806-117256464	0.072150058650561	0.0577278681767394	Sept9	NO
chr11-117265565-117267684	0.638027208763394	0.262472324149539	Sept9	NO
chr11-117284577-117285781	0.255587602087182	0.116220189067633	Sept9	NO
chr11-117311028-117311445	0.316904613770654	0.0991462347370475	Sept9	NO
chr11-117617267-117618673	0.156892526065851	0.198876027402109	2900041M22Rik	NO
chr11-117809166-117811016	0.573328468077774	0.181810524570116	Syngr2	NO
chr11-117848216-117849771	0.449255365854343	0.452625998705115	Birc5	NO
chr11-117949143-117950138	0.343389868217369	0.14043664474797	Socs3	NO
chr11-117962966-117963902	0.501375943921109	0.297123844813794	Socs3	NO
chr11-117968606-117970180	0.691378932724839	0.353059231524138	Socs3	NO
chr11-118326810-118328409	0.5070670410676	0.17670988391286	Timp2	NO
chr11-118874418-118876078	0.185070594827847	0.172875248576521	Rbfox3	NO
chr11-119040342-119041781	0.533243156974091	0.592494866484214	Cbx8	NO
chr11-119078316-119079565	0.760532682888546	0.152585057809336	Cbx4	NO
chr11-119084983-119086533	0.522644937399957	0.50705354093705	Cbx4	NO
chr11-119133779-119134186	0.163735423329095	0.0583910605242546	Gm11755	NO
chr11-119602155-119603876	0.366021683319037	0.395913752301728	Rptor	NO
chr11-119942164-119943712	0.525383149195153	0.585572459071676	Baiap2	NO
chr11-120085605-120087460	0.508096612777113	0.480715734135995	Cep131	NO
chr11-120098188-120099617	0.454582394112462	0.527963315206274	1810043H04Rik	NO
chr11-120232316-120233003	0.490604414728687	0.487371934948589	Bahcc1	NO
chr11-120269476-120270177	0.56922379828693	0.110646315739009	Bahcc1	NO
chr11-120377411-120379411	0.42749760267618	0.440797878418694	2310003H01Rik	NO
chr11-120672296-120674098	0.469878448786569	0.494466974434168	Aspscr1	NO
chr11-120712667-120714441	0.466891477039503	0.502614438018371	Lrrc45	NO
chr11-120823285-120825385	0.601097509650844	0.580493448438107	Fasn	NO
chr11-121040607-121041572	0.128340477857638	0.110665933342356	Cd7	NO
chr11-121236020-121237849	0.538069154872429	0.586738670041699	Narf	NO
chr11-121387285-121388930	0.390659671828816	0.391971366575679	Rab40b	NO
chr12-4188091-4188865	0.194137879156751	0.113437472385623	Adcy3	NO
chr12-8386271-8387080	0.161054075424155	0.0346757540144456	Hs1bp3	NO
chr12-8394762-8395370	0.12576398759816	0.0643089107694217	Hs1bp3	NO
chr12-12527175-12528832	0.96945227632755	0.096075399494432	Fam49a	NO
chr12-12783395-12784800	0.446029926883967	0.118003767336507	Gm17337	NO
chr12-16532373-16533818	0.327335213880753	0.124898505829449	Lpin1	NO
chr12-16588626-16590184	0.261812082930735	0.376941378070918	Lpin1	NO
chr12-16591338-16591899	0.201355588382041	0.219924561123271	Lpin1	NO
chr12-16869887-16870818	0.119222084376069	0.0664402732781131	Rock2	NO
chr12-24571239-24572976	0.434746825405113	0.439485554057791	Grhl1	NO
chr12-30036418-30037210	0.287403730558052	0.0709381522716352	Tpo	NO
chr12-31302380-31303696	0.0971210418737318	0.0960156682462934	Lamb1	NO
chr12-31948616-31950971	0.594472335165076	0.596856483874512	Hbp1	NO
chr12-50764474-50765916	0.0720693023100392	0.0782555357233373	Prkd1	NO
chr12-51690638-51692539	0.567973379871133	0.487286155479475	Strn3	NO
chr12-54655529-54657286	0.537463238091303	0.380150236034768	Sptssa	NO
chr12-54794521-54796273	0.359284876974194	0.372190677283911	Snx6	NO
chr12-54834787-54835475	0.0733465648381602	0.131346278644295	Cfl2	NO
chr12-55491138-55492974	0.564668498572749	0.365036885353402	Nfkbia	NO
chr12-59218231-59220539	0.500005590503301	0.60030675097381	Fbxo33	NO
chr12-65073033-65074353	0.503272329979843	0.508719800396561	Fkbp3	NO
chr12-65171861-65173283	0.484956124217366	0.319987544185047	Mis18bp1	NO
chr12-69474730-69475509	0.250929676148116	0.0774296103991967	Arf6	NO
chr12-69723604-69725568	0.489532045990999	0.382731939682539	L2hgdh	NO
chr12-72084274-72086536	0.581537814888985	0.574800038873734	Jkamp	NO
chr12-73367256-73368171	0.127019234387135	0.0634322964918699	D830013O20Rik	NO
chr12-76176854-76178331	0.307986032878408	0.167245221205684	Esr2	NO
chr12-76303463-76304082	0.126260900893897	0.0550469851835446	Mthfd1	NO
chr12-76403040-76405940	0.564798726536311	0.496104500832046	Hspa2	NO
chr12-76582642-76583283	0.201659426137518	0.0417548567198254	Sptb	NO
chr12-79504007-79504687	0.774879146255367	0.0958183446107121	Rad51b	NO
chr12-79600089-79600722	0.137745761068459	0.0405077959488102	Rad51b	NO
chr12-80022235-80023710	0.619008956468304	0.125149826577142	Zfp36l1	NO
chr12-80070192-80071339	0.600873700167846	0.0691794085104022	Zfp36l1	NO
chr12-80198553-80198875	0.136281991170597	0.102164842773306	Actn1	NO
chr12-80229923-80230520	0.118183779984454	0.0910120541261755	Actn1	NO
chr12-80258812-80261102	0.628700812811287	0.441869386660898	Actn1	NO
chr12-83687611-83689116	0.411621642729487	0.403593652482962	Psen1	NO
chr12-84180831-84182163	0.377911352827585	0.175656249128519	Elmsan1	NO
chr12-84450343-84452021	0.521580151690048	0.568076063334436	Lin52	NO
chr12-84772113-84773949	0.539762851471174	0.527498499194757	Npc2	NO
chr12-84862025-84862713	0.125066686600349	0.0365858278816654	Ltbp2	NO
chr12-85338680-85339747	0.320870156466924	0.302597220853989	Nek9	NO
chr12-85373815-85375400	0.41393192082007	0.437440664923689	Tmed10	NO
chr12-85437111-85437639	0.142096600727908	0.158189371770534	Fos	NO
chr12-85638552-85639872	0.265618791716197	0.0832099549600464	Jdp2	NO
chr12-85705163-85705956	0.0825517397419365	0.0693904934932336	Batf	NO
chr12-85869135-85869999	0.403024561540655	0.056991491259713	Ttll5	NO
chr12-85999924-86001659	0.540001701470344	0.0922551789590917	Ttll5	NO
chr12-86240983-86242578	0.404600347706286	0.418550049320834	Gpatch2l	NO
chr12-86800822-86801863	0.594458108956851	0.302590864288497	Lrrc74a	NO
chr12-86823537-86825306	0.706996428899104	0.363114175576919	Irf2bpl	NO
chr12-86826909-86827319	0.0892688617766565	0.103926079729791	Irf2bpl	NO
chr12-86859516-86860538	0.0833192142513383	0.175080880674158	Irf2bpl	NO
chr12-87146585-87148462	0.544529953264942	0.489648264124614	Gstz1	NO
chr12-87387192-87389127	0.456862141928363	0.556653917809756	Sptlc2	NO
chr12-98577667-98578288	0.283746949149093	0.130951472683561	Kcnk10	NO
chr12-99319299-99319681	0.0517370065558816	0.0545306161168945	Foxn3	NO
chr12-99336365-99336850	0.27688429387457	0.148407818725205	Foxn3	NO
chr12-100397644-100399084	0.340754513414216	0.0913165240813023	Ttc7b	NO
chr12-100937647-100938079	0.043088961135367	0.0737094596716938	Ccdc88c	NO
chr12-102202604-102203311	0.0538562792953405	0.138515282766823	Slc24a4	NO
chr12-102214246-102215656	0.245118664593759	0.113933474858712	Slc24a4	NO
chr12-102438675-102440522	0.439322581648267	0.461083012334191	Lgmn	NO
chr12-102468138-102469801	0.581089667970531	0.428554979208746	Golga5	NO
chr12-102680382-102680598	0.0346334224597633	0.0602754859276139	Itpk1	NO
chr12-104978288-104979049	0.137065930431435	0.0628314579045831	Syne3	NO
chr12-105031114-105033365	0.503258543214502	0.567341494963818	Glrx5	NO
chr12-105475356-105476876	0.118816723315321	0.165334328609631	D430019H16Rik	NO
chr12-105611444-105612252	0.153087399997597	0.138183462345993	Atg2b	NO
chr12-106374713-106375283	0.0546521644650368	0.140853323252958	Gm17032	NO
chr12-107662637-107663009	0.0264865454567339	0.0558326649501261	4930465M20Rik	NO
chr12-107752111-107753177	0.183729338990178	0.0992995470073145	Gm15208	NO
chr12-108220492-108220937	0.233171755428148	0.0953840905843461	Ccdc85c	NO
chr12-108284686-108285591	0.107095929242137	0.120091036415957	Ccdc85c	NO
chr12-108319940-108321150	0.782386591409143	0.12775127833003	Hhipl1	NO
chr12-108495377-108495824	0.276835304627654	0.0526513461668696	Eml1	NO
chr12-108792084-108794750	0.56686420271791	0.613448530317644	Yy1	NO
chr12-109066884-109068655	0.397355308797639	0.323592676315195	Begain	NO
chr12-109410683-109412404	0.0488585559523189	0.211738660719408	Dlk1	NO
chr12-109417320-109418222	0.136929106016734	0.0861467056863055	Dlk1	NO
chr12-110978064-110979518	0.613352962651078	0.337285267200422	Ankrd9	NO
chr12-111038062-111040416	0.575249529491272	0.565476982604063	Rcor1	NO
chr12-111164271-111164900	0.381132088422878	0.30198103417965	4930595D18Rik	NO
chr12-111165702-111167180	0.468389622012113	0.348869105921082	Traf3	NO
chr12-111693442-111695298	0.873422060891254	0.204073004397279	Trmt61a	NO
chr12-112169301-112169580	0.0634103226910261	0.0659737431775656	Kif26a	YES
chr12-112182372-112182723	0.098059630626647	0.101149644252224	Kif26a	YES
chr12-112334405-112334776	0.343219998791521	0.12809985345884	A730018C14Rik	NO
chr12-112457341-112458621	0.367482469950395	0.316873698001387	A530016L24Rik	NO
chr12-112575923-112576973	0.0531621658503901	0.123745734551848	Inf2	NO
chr12-112643860-112645573	0.594457862236954	0.528540049363451	Siva1	NO
chr12-112663628-112664476	0.307952865039832	0.147406855713813	Akt1	NO
chr12-112672955-112674801	0.391553358300798	0.36457646059438	Akt1	NO
chr12-112706504-112708106	0.271948759433304	0.243200363152523	Cep170b	NO
chr12-112876297-112876703	0.0931716044188884	0.061778130887378	Gpr132	NO
chr12-112999743-113001403	0.548063762343182	0.544886478637456	9230104M06Rik	NO
chr12-113097185-113099217	0.427323860806937	0.368755344035791	Mta1	NO
chr13-9092628-9094811	0.544389019648367	0.56174585697787	Larp4b	NO
chr13-12565026-12566800	0.412185380554605	0.481518617807299	Ero1lb	NO
chr13-13523814-13524654	0.0331270270767706	0.0555910935108298	Nid1	NO
chr13-15543069-15544746	0.808913808037707	0.140714174008844	Gli3	NO
chr13-15624211-15625188	0.362301462290061	0.0944752045026246	Gli3	NO
chr13-15741036-15743073	0.65778582453391	0.13357750393492	Gli3	NO
chr13-24565216-24566328	0.333608752187842	0.0634247049431326	Fam65b	NO
chr13-30185277-30186881	0.166901922424862	0.0827112031752407	Mboat1	NO
chr13-34238117-34239733	0.480465458980082	0.117988999135189	Slc22a23	NO
chr13-34248092-34249826	0.750248265513533	0.145109029107544	Slc22a23	NO
chr13-34993134-34995045	0.58704558639444	0.290196374599612	Eci2	NO
chr13-36735794-36736861	0.461001072199076	0.354080013344345	Nrn1	NO
chr13-37992956-37994955	0.466961095597858	0.44584556590022	Ssr1	NO
chr13-38344690-38346689	0.1677103956741	0.285566128714466	Bmp6	NO
chr13-41320189-41321814	0.395486225697274	0.0680333025645246	Nedd9	NO
chr13-41604864-41606714	0.553231661103339	0.557289650785512	Tmem170b	NO
chr13-41662128-41663062	0.0953799743397899	0.0450856362079735	Gm5082	NO
chr13-42051111-42053243	0.615534809117759	0.511824589750614	Hivep1	NO
chr13-44729600-44731441	0.548644123166867	0.551610615083199	Jarid2	NO
chr13-45827315-45828299	0.12679851179143	0.0921009289431219	Atxn1	NO
chr13-47042251-47044734	0.625821856284215	0.488026570382812	Tpmt	NO
chr13-48027579-48028477	0.418772715348636	0.160114638048292	4931429P17Rik	NO
chr13-48655539-48656208	0.146441460791323	0.166992669898062	Barx1	NO
chr13-48798065-48798657	0.13084641732072	0.105894796759808	Phf2	NO
chr13-49319693-49320739	0.223891285710603	0.221825534703702	Fgd3	NO
chr13-49340400-49342497	0.473394239551155	0.566978097054811	Bicd2	NO
chr13-49362335-49362972	0.060533974858928	0.0613109370881718	Bicd2	NO
chr13-51594401-51595825	0.195420457825968	0.156418208495376	Shc3	NO
chr13-51975431-51976402	0.12310410699885	0.0674576729038068	Gm26651	NO
chr13-53099576-53100537	0.124427796722157	0.200413060112743	Ror2	NO
chr13-53109089-53110582	0.258140154993896	0.281096167404962	Ror2	NO
chr13-53308859-53310233	0.133617089823196	0.219107790852983	Sptlc1	NO
chr13-53472196-53473112	0.342037956411856	0.198586942114955	Msx2	NO
chr13-54238383-54239276	0.20463530468129	0.0863651124177131	Hrh2	NO
chr13-54788592-54790414	0.486873035685513	0.301014237931718	Tspan17	NO
chr13-55104694-55106246	0.429300893832162	0.384796791338623	Zfp346	NO
chr13-55329207-55330724	0.562117032915361	0.385281110812171	Mxd3	NO
chr13-55444056-55446075	0.553661893000419	0.578686043429132	Grk6	NO
chr13-55897965-55899267	0.333783202349238	0.11526202364583	Pitx1	NO
chr13-55989483-55990515	0.0325598300190325	0.115640840972119	H2afy	NO
chr13-56095772-56096075	0.118180603365196	0.0437842009413966	H2afy	NO
chr13-56108869-56109627	0.150043672265085	0.0873684191837676	H2afy	NO
chr13-56647575-56648415	0.0265050394722184	0.107265664609981	Tgfbi	NO
chr13-57107274-57108574	0.0807142084078478	0.0913056112590244	Trpc7	NO
chr13-60307958-60308548	0.146879470340109	0.0402945232939243	Gm5084	NO
chr13-64151787-64154269	0.636534537087068	0.474885413487026	Zfp367	NO
chr13-64358289-64359242	0.288536896312115	0.0216953049302665	Ctsl	NO
chr13-69610580-69612637	0.513911434566748	0.576780614759315	Nsun2	NO
chr13-71506864-71508537	0.449375738331651	0.190158367610793	Irx1	NO
chr13-73425510-73426831	0.165360562966411	0.168294058705936	Lpcat1	YES
chr13-73466520-73468192	0.401715664841539	0.456353616899863	Lpcat1	YES
chr13-78162770-78164024	0.530908263039487	0.29105291948161	Fam172a	NO
chr13-80961796-80963890	0.306011449793307	0.223389410345855	Gm4211	NO
chr13-81782499-81784056	0.546699236521965	0.532996595397553	Cetn3	NO
chr13-83729284-83729922	0.503756005860684	0.256833624581613	C130071C03Rik	NO
chr13-84570723-84572136	0.711237314674698	0.251999079476213	Tmem161b	NO
chr13-89668866-89670287	0.589322327044814	0.136810308320299	Vcan	NO
chr13-94188173-94189086	0.149813736531333	0.0749263923039601	Lhfpl2	NO
chr13-98262332-98264207	0.388278884829222	0.478639825384341	Ankra2	NO
chr13-98475769-98477080	0.118004530808499	0.0373378895749251	Gm29501	NO
chr13-99099648-99101361	0.42862878516139	0.125735161834688	Gm807	NO
chr13-99443766-99445268	0.81887480151196	0.245892484639071	Map1b	NO
chr13-102572972-102574006	0.14211404040782	0.0304612252168249	Cd180	NO
chr13-102873967-102875377	0.136123509072441	0.134606895660528	Mast4	NO
chr13-103919840-103922130	0.589817958369029	0.472125749416698	Erbb2ip	NO
chr13-106935907-106937835	0.400123149034042	0.425632083564302	Ipo11	NO
chr13-107676220-107677348	0.20133914274547	0.081178442530228	1700006H21Rik	NO
chr13-107922790-107924126	0.461492285346039	0.0857918452914314	Zswim6	NO
chr13-107925400-107925883	0.203420169240711	0.0326349249311023	Zswim6	NO
chr13-111724536-111726325	0.6550636067639	0.441511024928548	Mier3	NO
chr13-112099862-112101608	0.177528019230188	0.207742146872779	Gm15323	NO
chr13-112770455-112771509	0.132598809162782	0.0311382574640477	Ppap2a	NO
chr13-112926628-112928406	0.394735263052314	0.440735237311419	Dhx29	NO
chr13-112986893-112988455	0.316118518692784	0.362998590100327	Ccno	NO
chr13-119427728-119430319	0.463069276985588	0.455359365254112	Paip1	NO
chr13-119689012-119691492	0.574338644770452	0.579922624497242	Hmgcs1	NO
chr13-119835080-119835865	0.100049072020843	0.080588814990363	D13Ertd608e	NO
chr14-7825867-7826913	0.470547082886314	0.0623897705598829	Flnb	NO
chr14-7847156-7848338	0.889884905282378	0.085377832906221	Flnb	NO
chr14-7943116-7943896	0.210521127696483	0.0751229586202896	Flnb	NO
chr14-12428045-12428523	0.11615796992349	0.0425515462088932	Cadps	NO
chr14-12821189-12823605	0.243876380884935	0.441608025113164	Cadps	NO
chr14-14632214-14633766	0.176702122199661	0.0588311024704698	Slc4a7	NO
chr14-18237816-18239791	0.662879879479371	0.526903587063747	Nr1d2	NO
chr14-18269753-18272095	0.480762855932083	0.517463103621952	Rpl15	NO
chr14-19750385-19752025	0.431736639560252	0.166215584510699	Nid2	NO
chr14-20545573-20546977	0.474024486933466	0.417623312816819	Ppp3cb	NO
chr14-20673066-20674975	0.399618387625635	0.443927030814923	Sec24c	NO
chr14-20733635-20734836	0.464186994343673	0.34344004217574	Camk2g	NO
chr14-20792823-20794509	0.528152454460767	0.410125992107762	Camk2g	NO
chr14-20804972-20805799	0.613139456159796	0.0807431815329054	Camk2g	NO
chr14-20928307-20930636	0.620833026737237	0.50207265646925	Vcl	NO
chr14-21051612-21053203	0.495609601781647	0.501199388517126	Adk	NO
chr14-21498965-21501669	0.618107402021891	0.633077780464512	Kat6b	NO
chr14-24606222-24607245	0.190701727128364	0.181514403183153	4930542C16Rik	NO
chr14-25225921-25227416	0.309771635721483	0.327493236667118	Gm26660	NO
chr14-25304055-25305034	0.12850656490188	0.101921367590358	Gm26660	NO
chr14-25317521-25318644	0.760951191090385	0.217932817640822	Gm26660	NO
chr14-25371385-25372038	0.41404762254949	0.0775772169435638	Gm26660	NO
chr14-25377230-25379221	0.516022657400303	0.38747691418319	Gm26660	NO
chr14-25736119-25737001	0.157247039242258	0.0879308389027401	Zcchc24	NO
chr14-25738726-25738926	0.0845327091037704	0.0315211202634871	Zcchc24	NO
chr14-25765755-25766276	0.291959996822976	0.0549833446720762	Zcchc24	NO
chr14-26637237-26639014	0.461863424047799	0.511301287564544	4930570N19Rik	NO
chr14-27166236-27167599	0.638396441780678	0.0572658760073975	Il17rd	NO
chr14-28506433-28506723	0.0811670634088802	0.0813786774906254	Wnt5a	NO
chr14-30515932-30516664	0.0736073535730069	0.0822933388518141	Dcp1a	NO
chr14-30586458-30587593	0.340564954099343	0.158331208432965	Prkcd	NO
chr14-30593176-30594779	0.603376348293278	0.174993584844012	Prkcd	NO
chr14-30650992-30651373	0.187093732520664	0.0393359676892786	Rft1	NO
chr14-31000688-31002177	0.327498962477859	0.349722925068108	Spcs1	NO
chr14-31017915-31019678	0.495444274966371	0.442833158821515	Gnl3	NO
chr14-32028032-32029190	0.111409824907129	0.174917066920028	Galnt15	NO
chr14-33446252-33447859	0.515930755581023	0.547251954696503	Mapk8	NO
chr14-35112017-35113606	0.915501825229121	0.106425539980047	Grid1	NO
chr14-40965709-40967789	0.598604402493665	0.523829852645666	Tspan14	NO
chr14-45656667-45658786	0.467855289799936	0.485303757020467	Ddhd1	NO
chr14-46759674-46761178	0.445634069262119	0.33151094950564	Cdkn3	NO
chr14-46821163-46822732	0.340976126117162	0.356800131894568	Gmfb	NO
chr14-46831332-46833047	0.464696931827087	0.222556213545307	Cgrrf1	NO
chr14-47188514-47189862	0.275678647895106	0.240129311429557	Gch1	NO
chr14-47373562-47374542	0.130183790290259	0.0494598072584537	Lgals3	NO
chr14-51983942-51986269	0.698419092252201	0.326549037252068	Arhgef40	NO
chr14-54253029-54254533	0.47381480243139	0.494334641225935	Dad1	NO
chr14-54516536-54518324	0.516404612058309	0.566895475802201	Prmt5	NO
chr14-54640640-54642078	0.428470989495853	0.436261255401967	Gm17606	NO
chr14-54685586-54687599	0.531431624978322	0.584962571905793	Acin1	NO
chr14-54893169-54895082	0.477750489972882	0.591872863076093	Pabpn1	NO
chr14-54924520-54927240	0.570037628409303	0.364279118445919	Efs	NO
chr14-55003797-55004286	0.188605595664409	0.0502564115495264	Myh7	NO
chr14-55014355-55016110	0.508843020815234	0.562674423511853	Ngdn	NO
chr14-55105957-55106737	0.269827400475016	0.337515460759455	Ap1g2	NO
chr14-55671200-55672813	0.404343907818999	0.450849281306605	Nedd8	NO
chr14-55729898-55731195	0.311058544842655	0.0721003301369095	Rabggta	NO
chr14-55863538-55864177	0.305638894331252	0.112487741280717	Nynrin	NO
chr14-55883981-55886105	0.495150918873187	0.236213754100048	Cbln3	NO
chr14-56811645-56813097	0.462099169133418	0.419205864293231	Zmym5	NO
chr14-57397805-57399270	0.410413135435696	0.349694087771053	Cryl1	NO
chr14-58498871-58500576	0.157401742408413	0.0830741667774757	Fgf9	NO
chr14-60250551-60252672	0.493175252582066	0.528322760357615	Nupl1	NO
chr14-60736526-60737049	0.175771927623223	0.106896759324314	Spata13	NO
chr14-61171686-61173593	0.588519270996547	0.513640685761039	Sacs	NO
chr14-61555866-61557834	0.540960447208645	0.546057746750991	Spryd7	NO
chr14-62836633-62838621	0.526413730518664	0.59771366222749	Wdfy2	NO
chr14-64264065-64264557	0.29454998117239	0.1160615249455	Msra	NO
chr14-65342860-65345080	0.623439526997939	0.533032808389364	Zfp395	NO
chr14-65374756-65375216	0.342516552955222	0.0806891450511711	Zfp395	NO
chr14-65967915-65969094	0.385734070376718	0.289220096012815	Clu	NO
chr14-65970339-65971269	0.556928208236116	0.07402276849046	Clu	NO
chr14-66296323-66298034	0.4420263715662	0.494018777595898	Trim35	NO
chr14-66460574-66462645	0.426379732667992	0.172169338092218	Stmn4	NO
chr14-69691589-69692723	0.117097988447984	0.0417281498179803	Loxl2	NO
chr14-69860912-69861972	0.237344012594817	0.23180404012681	Pebp4	NO
chr14-69994434-69995441	0.15834247331442	0.202602967991838	Pebp4	NO
chr14-70056735-70057590	0.0504396048445679	0.0460948398642433	Pebp4	NO
chr14-70074348-70075963	0.27533711491887	0.339885128737151	Egr3	NO
chr14-70205734-70206896	0.175356472145736	0.123635126908919	Gm26908	NO
chr14-70288587-70290288	0.360254007523333	0.355443032199685	Ppp3cc	NO
chr14-71000230-71001468	0.0693758259672345	0.0942697631748628	Gfra2	NO
chr14-74731536-74732864	0.507805485203965	0.293232785369339	Esd	NO
chr14-75129925-75131652	0.468221482641575	0.269970426856932	Lcp1	NO
chr14-76254497-76255696	0.778700396323034	0.154347657723003	Rps2-ps6	NO
chr14-76686823-76687407	0.0808319473779311	0.0413263698549157	1700108F19Rik	NO
chr14-76760465-76761082	0.0616641923871972	0.053951392199858	1700108F19Rik	NO
chr14-86333379-86333846	0.136902767188314	0.0257790289064371	Diap3	NO
chr14-100283462-100286725	0.568090991401008	0.472844309622376	4930517O19Rik	NO
chr14-103069412-103071108	0.479275639089964	0.298652095347372	Cln5	NO
chr14-105587921-105590163	0.68362962784377	0.136889731524632	4930449E01Rik	NO
chr14-118937102-118938808	0.566117961051722	0.492224668635722	Dnajc3	NO
chr14-120910201-120911864	0.612351569023163	0.514537132298374	Ipo5	NO
chr14-121183597-121184445	0.143464294346875	0.097661263542731	Farp1	NO
chr14-122130034-122130706	0.0645944865609981	0.0548657007194045	Tm9sf2	NO
chr14-122473673-122476246	0.788251672473596	0.35032880046156	Zic2	NO
chr15-3994685-3996547	0.603144038543985	0.473993242179668	AW549877	NO
chr15-12320500-12322380	0.438210829522785	0.447882478356171	1810049J17Rik	NO
chr15-12738918-12740544	0.405768242718388	0.470472081585687	Pdzd2	NO
chr15-23451771-23452587	0.0715597003091517	0.15511681269418	Cdh18	NO
chr15-27564139-27565018	0.0854016130409385	0.073305354651087	Ank	NO
chr15-27936873-27938168	0.313454799648235	0.413474221390505	Trio	NO
chr15-31542556-31542900	0.0633721430257743	0.0437983145013329	March6	NO
chr15-31661530-31662233	0.45241119701444	0.0546234142704344	Fam173b	NO
chr15-36607642-36610033	0.580528140836196	0.582697599515616	Pabpc1	NO
chr15-36959983-36961162	0.0750570373135802	0.237570994364086	Zfp706	NO
chr15-37006446-37008319	0.540118287710028	0.558025049685769	Zfp706	NO
chr15-37960099-37961749	0.554296997586906	0.459865522681598	Rrm2b	NO
chr15-38244381-38245519	0.193737646968225	0.270238257248976	Gm8705	NO
chr15-38383716-38385299	0.159764096957131	0.152418189678369	Gm26863	NO
chr15-38517788-38520157	0.593342742025715	0.527858586187369	Azin1	NO
chr15-38937782-38939109	0.303717089197586	0.14630598463818	Gm26704	NO
chr15-42668929-42669956	0.25369896758832	0.0658431100765168	Angpt1	NO
chr15-44618104-44620069	0.538208039185283	0.572636990861131	Ebag9	NO
chr15-57162153-57163273	0.491561152969131	0.0778009455712279	Slc22a22	NO
chr15-57853413-57854772	0.436976242121462	0.159389633278897	Zhx2	NO
chr15-58033272-58034610	0.354490779890107	0.389266229401993	9130401M01Rik	NO
chr15-58075338-58077310	0.668283246236543	0.44781205198632	9130401M01Rik	NO
chr15-58194201-58194793	0.107901045658513	0.0609259721199079	Fbxo32	NO
chr15-59314147-59315620	0.506654986390551	0.493854403621863	Sqle	NO
chr15-59525859-59526478	0.0402886157471194	0.0576415876299313	Nsmce2	NO
chr15-61984156-61985742	0.504116767335107	0.452856733849501	Myc	NO
chr15-62136853-62137674	0.215310549978032	0.0487445277166988	Pvt1	NO
chr15-64376876-64377435	0.204715743028428	0.0678251210012312	Asap1	NO
chr15-73422164-73423864	0.422769301155153	0.449052323943178	Ptk2	NO
chr15-73730180-73730841	0.440610004340343	0.106279021693687	Ptp4a3	NO
chr15-73738100-73738527	0.0720711985249862	0.0427671539943635	Ptp4a3	NO
chr15-74671770-74673878	0.356748004587938	0.393935906331262	Arc	NO
chr15-74701775-74702191	0.123520450731591	0.0590422603986984	Jrk	NO
chr15-75677885-75679601	0.415525019689647	0.406654782359071	Top1mt	NO
chr15-75856429-75857650	0.139670020204158	0.174280510782642	Gsdmd	NO
chr15-75921055-75921869	0.390066615835766	0.335873134344652	Pycrl	NO
chr15-75928923-75930216	0.340895229583489	0.396124588901732	Tsta3	NO
chr15-76068825-76070377	0.449029162674345	0.439208062611141	Scrib	NO
chr15-76189463-76190440	0.300712047891374	0.093088945213156	Plec	NO
chr15-76306733-76307690	0.425856719548906	0.108616530024179	Oplah	NO
chr15-76350465-76352258	0.483140638440737	0.576277195855949	Maf1	NO
chr15-76368165-76369519	0.277678651011365	0.33981094442927	Hgh1	NO
chr15-76379698-76381319	0.440843340092347	0.454999905765148	Mroh1	NO
chr15-76465392-76466137	0.414505669501129	0.150754448051346	Bop1	NO
chr15-76537660-76539199	0.368078163217889	0.401700425100307	Fbxl6	NO
chr15-77798233-77799082	0.0748013622591819	0.0792983025693137	Myh9	NO
chr15-77840920-77842780	0.516206343270767	0.578452018287069	Myh9	NO
chr15-77969769-77971572	0.389008161570208	0.440692483470902	Eif3d	NO
chr15-78173411-78174788	0.470634111363556	0.571025587532547	Ift27	NO
chr15-78203637-78204652	0.25874451811377	0.147879550328231	Pvalb	NO
chr15-78773029-78773793	0.261934406034702	0.208630421240928	Mfng	NO
chr15-78826272-78827073	0.270602933121221	0.188134140878516	Cdc42ep1	NO
chr15-78913494-78914818	0.427707018938472	0.558200134525836	Sh3bp1	NO
chr15-78925932-78926837	0.376508929315916	0.15388159234751	Lgals1	NO
chr15-78962720-78963250	0.107247567491267	0.0712461407170468	Triobp	NO
chr15-78982310-78983577	0.596632789035926	0.230500712373058	Triobp	NO
chr15-78983787-78984229	0.265746291028537	0.0696924165488731	Triobp	NO
chr15-78988175-78989096	0.474125619928525	0.13803438123944	Triobp	NO
chr15-79327015-79328862	0.497855626735616	0.434593411101615	Pla2g6	NO
chr15-79346573-79348565	0.494492439913229	0.42650543602486	Maff	NO
chr15-79833177-79834999	0.528635451490875	0.542860317815435	Cbx6	NO
chr15-80004620-80005259	0.0799313916599972	0.046691274376501	Pdgfb	NO
chr15-80286850-80288277	0.102958911110813	0.324007741242434	Cacna1i	NO
chr15-80437761-80439123	0.424769761174618	0.107296519299248	Enthd1	NO
chr15-80462086-80462544	0.116367644178755	0.0831856173037351	Enthd1	NO
chr15-80710363-80712233	0.455685303280464	0.5969211924755	Tnrc6b	NO
chr15-81584555-81586831	0.537508184971929	0.554952233433141	Ep300	NO
chr15-81801999-81803361	0.619744674316639	0.301579231186961	Tef	NO
chr15-81855964-81856717	0.370827581476457	0.309441833547371	Tob2	NO
chr15-81925532-81926794	0.595214832619355	0.512761732539511	Polr3h	NO
chr15-81943326-81943870	0.0817121006825003	0.0908849640751715	Csdc2	NO
chr15-81959736-81961342	0.519201882066412	0.45797798295059	Pmm1	NO
chr15-82206264-82206841	0.212712976707854	0.165567379897024	Shisa8	NO
chr15-82982657-82984089	0.649962902137992	0.318064146817989	Gm29019	NO
chr15-83036922-83038347	0.375093934252286	0.260989335368198	Nfam1	NO
chr15-83099360-83100640	0.390767292542993	0.135819118286336	Serhl	NO
chr15-83121733-83123021	0.336989027867482	0.401705715134323	Rrp7a	NO
chr15-83463486-83465418	0.46790682606516	0.357214673691763	Pacsin2	NO
chr15-84625533-84626064	0.0927874572767393	0.141344238076601	Prr5	YES
chr15-84680459-84682020	0.277332282781891	0.174419449237744	Prr5	YES
chr15-84719792-84720813	0.147515993698214	0.0826232592911999	Arhgap8	NO
chr15-85041992-85043014	0.473507284916817	0.171227606517293	Fam118a	NO
chr15-85273038-85273389	0.118933323150604	0.0511657705394123	Fbln1	NO
chr15-85522951-85523998	0.254967114216151	0.109944490708587	Wnt7b	NO
chr15-85633722-85635562	0.590996071087904	0.553068913295192	D130051D11Rik	NO
chr15-85652607-85654461	0.66703640074278	0.362480863360979	D130051D11Rik	NO
chr15-85669460-85672035	0.710526133274951	0.509714681819843	D130051D11Rik	NO
chr15-85677766-85678388	0.526323188403123	0.103651673363463	D130051D11Rik	NO
chr15-85734475-85736362	0.514447845376084	0.162063005733246	Ppara	NO
chr15-85858377-85860103	0.384768663713278	0.445559258660941	Gtse1	NO
chr15-85969167-85970576	0.406127687359752	0.262369058143143	Celsr1	NO
chr15-86085335-86086770	0.608111466562311	0.139859325142657	Gramd4	NO
chr15-88750436-88752460	0.554463002577552	0.507415275709216	Zbed4	NO
chr15-88818742-88820439	0.520681086971076	0.540517088684137	Creld2	NO
chr15-88861655-88864415	0.525934846383238	0.580452063156279	Pim3	YES
chr15-88977066-88979468	0.907310199184629	0.0880093306178518	Mlc1	NO
chr15-89195007-89197053	0.462005589778393	0.472104200770969	Dennd6b	NO
chr15-95804223-95804745	0.0755304131645072	0.0407941813286875	Ano6	NO
chr15-95828666-95829392	0.134497817302363	0.0642533714583548	Gm17546	NO
chr15-97766125-97768471	0.348620649465577	0.254108997145212	Rapgef3	NO
chr15-97773099-97773357	0.134466394293621	0.031393475923375	Rapgef3	NO
chr15-97824926-97825727	0.203371071880698	0.121905420732314	Hdac7	NO
chr15-97990131-97990459	0.22974776754466	0.117404884855832	Col2a1	NO
chr15-98295338-98297015	0.14103066482069	0.147972723650356	Zfp641	NO
chr15-98676501-98677696	0.35433838093689	0.354282422179337	Rnd1	NO
chr15-98789542-98789888	0.0916516188330177	0.072071223816182	Wnt1	NO
chr15-98917021-98918577	0.520251482814124	0.507134438526498	Lmbr1l	NO
chr15-99029275-99030850	0.456795535591632	0.118883783427354	Tuba1c	NO
chr15-99251146-99252751	0.459472706332739	0.499811254595754	Mcrs1	NO
chr15-99369516-99370830	0.526517777466619	0.444535392813238	Fmnl3	YES
chr15-99392127-99393744	0.484122052648653	0.534874200749633	Tmbim6	NO
chr15-99473813-99475134	0.347888859296743	0.323838674565325	Bcdin3d	NO
chr15-99584747-99585179	0.0803556214219903	0.0693508776631985	Aqp2	NO
chr15-99663908-99665435	0.244127040535507	0.387027742765868	Asic1	NO
chr15-101191299-101192567	0.708732175722516	0.106306284603788	Acvr1b	NO
chr15-102002832-102003454	0.116015423094186	0.0578074573908323	Krt8	NO
chr15-102202834-102204391	0.493909582186892	0.554301758014678	Zfp740	NO
chr15-102516183-102519025	0.528057170044838	0.625251407007738	Tarbp2	NO
chr15-103238917-103241043	0.56496436614304	0.603356141302616	Hnrnpa1	NO
chr15-103365385-103367180	0.415814775387186	0.188547891515922	Itga5	NO
chr16-4595274-4595959	0.2388681410048	0.166326524448482	Glis2	NO
chr16-5255119-5256721	0.574737615401896	0.445601916406555	Fam86	NO
chr16-5351914-5352583	0.0823508753435069	0.0512358798043904	n-R5s30	NO
chr16-8829056-8831477	0.550035672058804	0.59387221910963	1810013L24Rik	NO
chr16-10394741-10395562	0.139780235297845	0.101391314808836	Tekt5	NO
chr16-10542202-10543342	0.448943374778192	0.467750252348197	Dexi	NO
chr16-10849825-10850742	0.142864352917558	0.059476514253734	Rmi2	NO
chr16-13671423-13672828	0.382221438061308	0.368850816833545	Bfar	NO
chr16-17530055-17531499	0.395746229036243	0.517399253369106	Thap7	NO
chr16-17560890-17562224	0.428112348943265	0.117448205631317	P2rx6	NO
chr16-18088452-18089916	0.480905893089426	0.248371378983611	Prodh	NO
chr16-18096349-18097850	0.0383712032289689	0.0971300647771086	Prodh	NO
chr16-18144087-18144723	0.302525285024887	0.114416635695545	Rtn4r	NO
chr16-18219807-18220620	0.0830630369819566	0.111573399080707	Zdhhc8	NO
chr16-18247961-18249676	0.579731636100822	0.525112164732389	Trmt2a	NO
chr16-18347780-18349010	0.354126383210572	0.424719565702181	Tango2	NO
chr16-18464064-18464465	0.0168374357588191	0.0368479687100398	Txnrd2	NO
chr16-20096651-20098559	0.507817971253777	0.498990447618889	Klhl24	NO
chr16-20701505-20702890	0.325335991756148	0.145357088444248	Fam131a	NO
chr16-20715747-20718165	0.547693797478353	0.48763157125887	Clcn2	NO
chr16-21203653-21205815	0.534494345649605	0.519823140785757	Ephb3	NO
chr16-21238350-21239462	0.450190143037833	0.0699044534754892	Gm16863	NO
chr16-21309955-21311644	0.302830334943112	0.27645459023157	Gm16863	NO
chr16-21315779-21316053	0.067842083969929	0.0383680912427825	Gm16863	NO
chr16-21845385-21846730	0.330131124752225	0.42153768567415	Gm26744	NO
chr16-22008614-22010151	0.456213456594119	0.528989656759987	Senp2	NO
chr16-22428157-22429613	0.605796554243721	0.294199921860167	Etv5	NO
chr16-22438261-22440686	0.59330992135994	0.543911730318388	Etv5	NO
chr16-22491463-22492117	0.0384848158620584	0.10094864868713	Dgkg	NO
chr16-22544910-22546003	0.18066348900415	0.144431681500296	Dgkg	NO
chr16-22733820-22735729	0.0904978775831261	0.0980177658017783	Crygs	NO
chr16-23517745-23519071	0.396022634395567	0.316372219723391	Masp1	NO
chr16-23623914-23624645	0.270886052632479	0.0454447982807374	Rtp4	NO
chr16-29734148-29735657	0.50869267606184	0.179528415937027	Gm26834	NO
chr16-29881331-29881840	0.215789226825584	0.0660005086998475	Gm26569	NO
chr16-29882304-29884025	1.04522022136212	0.14123361000956	Gm26569	NO
chr16-30008061-30009914	0.670676262111137	0.25345333282625	4632428C04Rik	NO
chr16-30063152-30064523	0.824518170665751	0.21603511066695	Hes1	NO
chr16-30552858-30553345	0.492877218279653	0.073352713511664	Tmem44	NO
chr16-30992609-30992899	0.0131605177550449	0.0749770019193527	Xxylt1	NO
chr16-31080160-31082336	0.447512002391296	0.485376590072485	Xxylt1	NO
chr16-31551560-31552318	0.218488051412034	0.0714590191162117	Bdh1	NO
chr16-31591334-31593659	0.421888294049599	0.369690515229493	Dlg1	NO
chr16-32098618-32100356	0.417753289994019	0.369906200871103	Pigx	NO
chr16-32682129-32682500	0.138689049926885	0.0830433347615046	Tnk2	NO
chr16-32812779-32813612	0.19119116900327	0.117868960365053	Gm933	NO
chr16-33580806-33581201	0.172674663205256	0.0672191940544314	Slc12a8	NO
chr16-33829236-33830380	0.360214463501318	0.175170231547773	Itgb5	NO
chr16-34413409-34414909	0.636194472538434	0.132973454488617	Kalrn	NO
chr16-37813733-37815091	0.258981338738499	0.322161979566321	Fstl1	NO
chr16-38087292-38090150	0.590293168929685	0.658457844807409	Gsk3b	NO
chr16-38816521-38817838	0.310036897054423	0.266205408039685	4930435E12Rik	NO
chr16-44530060-44531512	0.696753390135011	0.28393021074136	Boc	NO
chr16-44557497-44559229	0.467361240296169	0.283945695338881	Boc	NO
chr16-49969833-49970785	0.0384589257737837	0.122374667652643	Cd47	NO
chr16-50615304-50616101	0.529260797040827	0.0319084372444906	Ccdc54	NO
chr16-58389157-58389615	0.0138036470721167	0.0329949365864348	4930461C15Rik	NO
chr16-58407754-58409294	0.535034952793006	0.476918794904546	Dcbld2	NO
chr16-78827338-78828286	0.355782999887292	0.122325168460257	Chodl	NO
chr16-84620867-84621995	0.133644470211253	0.0778769359036955	Gm26667	NO
chr16-85800672-85801750	0.624619371222969	0.175683290553699	Adamts1	NO
chr16-90491307-90492468	0.4437813228869	0.0865862342094092	Hunk	NO
chr16-90809540-90811127	0.466328163462508	0.423723334293616	Urb1	NO
chr16-90885448-90886207	0.217066208970055	0.0454790150121236	Eva1c	NO
chr16-91372281-91373724	0.322132936616103	0.335230343804761	Ifnar2	NO
chr16-92399375-92400567	0.674142680003168	0.194587605707302	Rcan1	NO
chr16-93328729-93329270	0.0881036528500802	0.0393789196046685	1810053B23Rik	NO
chr16-93815940-93816746	0.183627243931065	0.0447184447226874	Dopey2	NO
chr16-93883028-93884718	0.468825829484905	0.500756255710976	Chaf1b	YES
chr16-94312354-94314171	0.421776849073149	0.584401524037952	Hlcs	NO
chr16-94525465-94527291	0.544170759494632	0.531169930302044	Dscr3	NO
chr16-96126717-96128827	0.563254037807554	0.585526231106827	Hmgn1	NO
chr17-4623170-4623658	0.0171253195920294	0.045343380293983	Arid1b	NO
chr17-6788822-6790166	0.0761247955074109	0.182239820242758	Ezr	NO
chr17-6812427-6813139	0.188192621389021	0.0479616612448238	Gm2885	NO
chr17-12187363-12188357	0.0676967734356225	0.108829469314623	Agpat4	NO
chr17-12790329-12791810	0.352006614676795	0.117585895247996	Igf2r	NO
chr17-16395134-16395658	0.0170459965941991	0.0446070468449019	BC002059	NO
chr17-23699156-23700567	0.282092803912075	0.27490942144692	1520401A03Rik	NO
chr17-23725554-23727235	0.48390072806218	0.38504202996	Pkmyt1	NO
chr17-23770210-23771920	0.47781671699576	0.470046614683136	Flywch1	NO
chr17-23785416-23786992	0.248515732992287	0.466472881668677	Flywch2	NO
chr17-23802331-23804037	0.523162838011527	0.578058884959986	Srrm2	NO
chr17-24140534-24142513	0.451196835888509	0.533663125917977	Pdpk1	NO
chr17-24168423-24170148	0.388874094354619	0.530368940192844	Atp6v0c	NO
chr17-24250459-24252135	0.496596417348641	0.45305845219571	Ccnf	NO
chr17-24425934-24427534	0.50530941613359	0.243529922929696	Eci1	NO
chr17-24469703-24471305	0.493373903397088	0.516651816872752	Pgp	NO
chr17-24527348-24528748	0.504865002972521	0.564799240973508	Rab26	NO
chr17-24558464-24559555	0.294487792271955	0.107152190587995	Pkd1	NO
chr17-24735349-24737258	0.412920380332625	0.370257772389318	Rpl3l	NO
chr17-24936166-24937312	0.305996163660136	0.405030200030084	Mapk8ip3	NO
chr17-25114903-25116357	0.332228974822212	0.329757299927798	Telo2	NO
chr17-25538623-25540121	0.469321451609113	0.0948250627022785	Sox8	NO
chr17-25726933-25728351	0.494721992923378	0.531382800240963	Chtf18	NO
chr17-25802653-25803697	0.125156410825156	0.195376127582201	Gm26694	NO
chr17-25984898-25986390	0.476269976570815	0.497021088888539	Capn15	NO
chr17-26067637-26069898	0.391831523336078	0.417811143597536	Rab11fip3	NO
chr17-26094880-26095738	0.268971905569264	0.251251889374255	Nme4	NO
chr17-26120046-26120455	0.157267212155744	0.124725930964049	Tmem8	NO
chr17-26507481-26509523	0.590223723160247	0.545385180884531	Dusp1	NO
chr17-26688262-26689930	0.541416718132201	0.121068146341914	Atp6v0e	NO
chr17-26715035-26716795	0.514606486792808	0.591976642721976	Crebrf	NO
chr17-26893546-26893923	0.0426285369141369	0.0427300169449608	Gm20468	NO
chr17-26915953-26917581	0.489882234671995	0.50202855117617	Kifc5b	NO
chr17-26938929-26940045	0.562107711997143	0.530082608049985	Cuta	NO
chr17-27133285-27134424	0.378679761140819	0.4394331731746	Uqcc2	NO
chr17-27421547-27423540	0.516966725838227	0.292592261405627	Grm4	NO
chr17-27554980-27557962	0.595223833129777	0.435873846036775	Hmga1	NO
chr17-27574558-27575155	0.116236949794173	0.110084472951683	Nudt3	NO
chr17-28176404-28177955	0.518837219667021	0.437050092146513	Zfp523	NO
chr17-28223452-28224484	0.285440761704443	0.299563147998425	Def6	NO
chr17-28232022-28233600	0.529441499929138	0.425934016812522	Ppard	NO
chr17-28256879-28257353	0.0512380899080471	0.0497030896414967	Ppard	NO
chr17-28312770-28314242	0.464902283679799	0.475040121468513	Fance	NO
chr17-28769075-28770412	0.146474381359033	0.102004973326943	Mapk13	NO
chr17-29355294-29357228	0.378082233746105	0.420652729249547	Fgd2	NO
chr17-29436723-29437768	0.42059137483708	0.224727414961261	Gm26885	NO
chr17-29459207-29460181	0.214511508268339	0.120133239143199	Gm26885	NO
chr17-31519274-31521235	0.45664671311294	0.467409833029309	Ndufv3	NO
chr17-31534977-31536651	0.353186077025905	0.344880170531217	Ndufv3	NO
chr17-31541436-31541891	0.0577408064490998	0.0750661552818141	Ndufv3	NO
chr17-31563555-31565629	0.588800520814957	0.652664946670134	Pknox1	NO
chr17-31746554-31747215	0.0636932311106038	0.0668410001543266	Cryaa	NO
chr17-31826668-31827827	0.3438385908431	0.153334015116258	Sik1	NO
chr17-31877299-31878293	0.0536930820672834	0.113578656672169	Sik1	NO
chr17-32035641-32036976	0.322419068233027	0.378838787121171	Rrp1b	NO
chr17-33759256-33760889	0.504296891563252	0.585024084633004	Rab11b	NO
chr17-33890028-33891310	0.486815297246795	0.517429263661576	Kifc1	NO
chr17-33955033-33956383	0.430012381105259	0.480427481998442	Rps18	NO
chr17-34120874-34122902	0.60367988119656	0.546730414890267	Brd2	NO
chr17-34134762-34135949	0.440479623248558	0.367094440032327	H2-DMa	NO
chr17-34197061-34198586	0.121656365560374	0.221759205376689	Psmb8	NO
chr17-34295809-34296888	0.12379573416456	0.272776431184903	Gm20513	NO
chr17-34602989-34604609	0.537111850592409	0.622347728685958	Rnf5	NO
chr17-34655521-34656052	0.120908869899939	0.0723074504970588	Atf6b	NO
chr17-34893599-34895244	0.516615933159752	0.546020376373738	Zbtb12	NO
chr17-34971963-34973003	0.236003825270664	0.159551922033418	Gm20481	NO
chr17-35045833-35047101	0.597935585348113	0.391927471511961	Msh5	NO
chr17-35120545-35122352	0.492584430074042	0.528427702026488	Csnk2b	NO
chr17-35164168-35165761	0.558242052047964	0.608586114133936	Prrc2a	NO
chr17-35262491-35264005	0.303116363857227	0.402067009167651	H2-D1	NO
chr17-35703685-35705128	0.568872793580305	0.263430184454956	Ddr1	NO
chr17-35812904-35813893	0.340258494968903	0.0559103915384889	Ier3	NO
chr17-35836228-35837353	0.487456504568029	0.407198647446769	Tubb5	NO
chr17-35865516-35866909	0.402523921359794	0.347154345959772	Ppp1r18	NO
chr17-44612889-44614619	0.327950295568342	0.170829445230965	Runx2	NO
chr17-45208602-45209362	0.0544937591792163	0.0507817312697096	Supt3	NO
chr17-45555471-45556316	0.377309893431935	0.263625839715468	Nfkbie	NO
chr17-45684827-45687081	0.468556739996338	0.546467187175906	Tmem63b	NO
chr17-45766002-45767727	0.711194107615707	0.115053916408558	F630040K05Rik	NO
chr17-46143457-46144497	0.2531449922476	0.236549781702548	Rsph9	NO
chr17-46152751-46153937	0.280139197835101	0.283082242443659	Mad2l1bp	NO
chr17-46159790-46161813	0.526263157132094	0.489838391501222	Gtpbp2	NO
chr17-46253282-46254705	0.37351489756338	0.408835773032459	Lrrc73	NO
chr17-46265601-46266563	0.222773370517265	0.208682384810346	Tjap1	NO
chr17-46282096-46283474	0.382202297077011	0.346058722054912	Tjap1	NO
chr17-46327126-46328867	0.396832165608747	0.451701091787413	Abcc10	NO
chr17-46552633-46553450	0.448335652798067	0.368592172025165	Gm26904	NO
chr17-46649882-46650951	0.451701486376774	0.391091740367442	Mrpl2	NO
chr17-46673680-46675177	0.381463335594349	0.363454580957046	Klhdc3	NO
chr17-46680040-46681907	0.53082673885999	0.556199933195463	Mea1	NO
chr17-46704003-46705719	0.489539662712359	0.482884014246381	Ppp2r5d	NO
chr17-47332101-47333990	0.72794495490475	0.134290273407152	Trerf1	NO
chr17-47510900-47511957	0.510582463404441	0.174873670504344	Ccnd3	NO
chr17-47592872-47594047	0.496411208209575	0.361769950543495	Ccnd3	NO
chr17-47595497-47596113	0.346944081469805	0.102001846188537	Ccnd3	NO
chr17-47628727-47630697	0.499269503764177	0.495643729022751	Usp49	NO
chr17-47909133-47909991	0.418698168301672	0.243805690610571	Foxp4	NO
chr17-47973677-47974894	0.336054151233269	0.196025958608212	Foxp4	NO
chr17-48408382-48410735	0.590950518661089	0.63115810717361	Oard1	NO
chr17-49935415-49937016	0.156799792784301	0.230719551753692	Kif6	NO
chr17-50020234-50021070	0.24017571018166	0.192350227010432	Rftn1	NO
chr17-53477769-53480122	0.473827758628862	0.568960116025385	Rab5a	NO
chr17-56078881-56080128	0.659331831087778	0.54724178196169	Hdgfrp2	NO
chr17-56161778-56162994	0.417026619574469	0.369909540015138	Tnfaip8l1	NO
chr17-56217519-56219308	0.378031479552071	0.423350617959833	Dpp9	NO
chr17-56290018-56291788	0.522485642086968	0.279359782923965	Plin3	NO
chr17-56360369-56360785	0.145458965845392	0.0614039751772162	Kdm4b	NO
chr17-56461582-56463004	0.699978549787236	0.489233247226473	Ptprs	YES
chr17-56672487-56674057	0.506378209007989	0.545088046281711	Ranbp3	NO
chr17-56830363-56831903	0.559051347629536	0.534832333808439	Rfx2	NO
chr17-56934522-56936075	0.466519357909271	0.505607187401319	Mllt1	NO
chr17-57030719-57032744	0.551708923773786	0.653777319697689	Khsrp	NO
chr17-65612300-65614610	0.532576204687261	0.578407081345884	Vapa	NO
chr17-65864593-65865096	0.108898163147036	0.101939357094659	Ralbp1	NO
chr17-65884072-65886426	0.548496821563484	0.550990452106498	Ralbp1	NO
chr17-68003240-68005182	0.291498042820713	0.271831826450047	Arhgap28	NO
chr17-70852405-70853650	0.463913393728324	0.192508376752704	Tgif1	NO
chr17-71001567-71003073	0.638485554819357	0.404570842993288	Myl12a	NO
chr17-71525987-71527852	0.51772151956618	0.412003230585913	Ndc80	NO
chr17-72504286-72505877	0.627585144286159	0.132954887056739	Alk	NO
chr17-72835683-72837828	0.533761430644978	0.654592402112624	Ypel5	NO
chr17-73633944-73634870	0.250072293262783	0.0575682058745689	Galnt14	NO
chr17-74527112-74529451	0.538768858258617	0.577848548015598	Birc6	NO
chr17-78936278-78937791	0.399911664609841	0.412803897551058	Ndufaf7	NO
chr17-80471167-80471735	0.0630780648441276	0.0598327430619355	Sos1	NO
chr17-80488723-80489411	0.0615587644419146	0.0749378501200267	Sos1	NO
chr17-84708400-84710242	0.222856482853138	0.190463298929439	Lrpprc	NO
chr17-84956569-84958866	0.528684584334222	0.631074491495813	Ppm1b	NO
chr17-85072330-85073215	0.12180211031762	0.0955899041565195	Prepl	NO
chr17-85687365-85688715	0.222535892797324	0.197363389760427	Six2	NO
chr17-86144352-86146097	0.465309171793498	0.387918744944894	Srbd1	NO
chr17-88628900-88630815	0.731470419333328	0.196192954670165	Ston1	NO
chr18-3506731-3508766	0.486286245733469	0.488133149988115	Bambi	NO
chr18-4785010-4786377	0.225892863221108	0.134302241587283	Gm10556	NO
chr18-10180881-10183008	0.506139740008187	0.509156791020638	Rock1	NO
chr18-12941005-12942320	0.392507165912473	0.286295843067764	Osbpl1a	NO
chr18-13304568-13306490	0.335800342749545	0.292091683053091	Hrh4	NO
chr18-14062472-14064392	0.154800754475856	0.0791669865509809	Zfp521	NO
chr18-14654426-14655286	0.0536021449924018	0.0634592900118122	Ss18	NO
chr18-15280955-15282112	0.293588187346063	0.0503969070110344	Aqp4	NO
chr18-23884903-23885539	0.0548052224705687	0.0861844496755305	Mapre2	NO
chr18-31633357-31635536	0.567702838301864	0.625549515517386	Sap130	NO
chr18-32161766-32163874	0.470036006445533	0.552652537601186	Map3k2	NO
chr18-34839843-34842019	0.388004260956482	0.394907635338978	Reep2	NO
chr18-34859466-34861800	0.566958693757343	0.605911124938791	Egr1	NO
chr18-34884437-34884793	0.0787841751431358	0.0645443360548165	Etf1	NO
chr18-34885503-34886081	0.188450188281532	0.103850240160595	Etf1	NO
chr18-34931136-34932784	0.501414775206808	0.543801894866882	Etf1	NO
chr18-35722050-35722721	0.0592777904400721	0.0497859497679435	Ecscr	NO
chr18-35847654-35849252	0.601819336513145	0.289458906026433	Cxxc5	NO
chr18-36525108-36525851	0.266570783025086	0.20892005586027	Slc4a9	NO
chr18-38153169-38154583	0.318263342990118	0.146406547087663	Pcdh1	NO
chr18-42510404-42512351	0.474723694168672	0.549652131588347	Tcerg1	NO
chr18-42983182-42983836	0.0626830805930381	0.0774458982487016	Ppp2r2b	NO
chr18-44437901-44438871	0.309176552720423	0.0615349295199427	Mcc	NO
chr18-49978512-49980365	0.694409562916516	0.231339146744909	Tnfaip8	NO
chr18-50052827-50054587	0.717237525514644	0.109983944588746	Tnfaip8	NO
chr18-50064405-50065153	0.089312138033212	0.045163197209208	Tnfaip8	NO
chr18-52528258-52530087	0.175843577394118	0.117740697375743	Lox	NO
chr18-56924577-56926414	0.537609511780553	0.527119064214864	March3	NO
chr18-58492349-58493324	0.181913595754626	0.0630874605433782	Slc27a6	NO
chr18-60729322-60730381	0.281569261738153	0.160456337519001	Ndst1	NO
chr18-60756243-60756812	0.0423661355312674	0.0566319977374847	Rps14	NO
chr18-60822463-60823378	0.0721161101736161	0.0845219806646655	Tcof1	NO
chr18-60921921-60922346	0.32857920795278	0.0859494314297387	Camk2a	NO
chr18-60962670-60964598	0.125020259812638	0.0937992496879518	Camk2a	NO
chr18-61054398-61054659	0.127481304604487	0.0350270091479561	Pdgfrb	NO
chr18-61108111-61109102	0.0816969170969014	0.0560099000912725	Csf1r	NO
chr18-61335668-61336185	0.0607265748174985	0.0534519642212013	Ppargc1b	NO
chr18-61593120-61594569	0.131170423811793	0.132731936030613	Csnk1a1	NO
chr18-61609168-61610555	0.180383706241884	0.15962924434306	Csnk1a1	NO
chr18-61614002-61614562	0.176522386668039	0.0382894728152147	Csnk1a1	NO
chr18-61637585-61639134	0.212997281915479	0.269260846218922	Gm20748	NO
chr18-61639684-61639984	0.0800060425941825	0.0727810760503111	Gm20748	NO
chr18-62179408-62180768	0.168508296181767	0.0773648980910676	Gm9949	NO
chr18-62704769-62705954	0.172489086702832	0.103644326419535	Spink13	NO
chr18-63707603-63709380	0.395457235491616	0.355760480638281	Wdr7	NO
chr18-64013364-64015400	0.504793284527475	0.254874931459453	Wdr7	NO
chr18-66001775-66003125	0.427157555590784	0.348440413147059	Lman1	NO
chr18-67311355-67312477	0.278107193714051	0.141769401287519	Impa2	NO
chr18-67448153-67450311	0.492381153685238	0.545636600275358	Afg3l2	NO
chr18-68052908-68053376	0.0441137609572151	0.0616907935000474	Ldlrad4	NO
chr18-73571621-73573958	0.570246840324838	0.63636651907247	Mex3c	NO
chr18-74906796-74907990	0.668760039935383	0.103390880929102	Lipg	NO
chr18-74939540-74940717	0.169311460693064	0.0673207243430854	Lipg	NO
chr18-75216440-75217099	0.289944873343636	0.0961835423230003	Dym	NO
chr18-75387284-75387657	0.219426069615601	0.0941090721622174	Smad7	NO
chr18-75404797-75405994	0.470649320905855	0.13906014435487	Smad7	NO
chr18-75446836-75447199	0.0666450551412374	0.0545606230313297	Ctif	NO
chr18-75456592-75457542	0.218200513615333	0.0768493374781482	Ctif	NO
chr18-75461617-75463133	0.347352454183312	0.186652132449908	Ctif	NO
chr18-75494573-75495482	0.611953652234356	0.0977687307198701	Ctif	NO
chr18-75502682-75503867	0.209105795885785	0.173431497199879	Ctif	NO
chr18-75527784-75528848	0.227216137995157	0.0633983511251328	Ctif	NO
chr18-78972737-78973608	0.228283287694362	0.0999699955108004	Setbp1	NO
chr18-80150321-80152238	0.512506402070663	0.535431625691443	Adnp2	NO
chr18-81050660-81052401	0.695887704001319	0.0838385796592194	Sall3	NO
chr18-82737468-82738552	0.249294471941715	0.0607249071676452	2210420H20Rik	NO
chr19-3388094-3389646	0.415314167680199	0.36789414862419	Mtl5	NO
chr19-3707429-3708865	0.498245237386012	0.467174025231995	1810055G02Rik	NO
chr19-3832892-3833497	0.0684240955778184	0.0433698307786732	Gm16066	NO
chr19-3850857-3852683	0.476749398292926	0.489625976176279	Chka	NO
chr19-3911946-3913454	0.453892470561848	0.468763632791784	Ndufs8	NO
chr19-3999737-4001180	0.410455366195857	0.45243865615805	Nudt8	NO
chr19-4011801-4013371	0.442049964603115	0.454596894225457	Ndufv1	NO
chr19-4045658-4046449	0.0824466228565046	0.148215763812854	Gstp2	NO
chr19-4099068-4099366	0.199169096479114	0.147390841780337	Cdk2ap2	NO
chr19-4099916-4100302	0.167346273807125	0.117023078701482	Pitpnm1	NO
chr19-4113235-4113510	0.0695929819247141	0.0662691757803207	Pitpnm1	NO
chr19-4125585-4126784	0.475344558293309	0.47346998824222	Aip	NO
chr19-4231283-4232531	0.242307165746557	0.359199719248658	Pold4	NO
chr19-4509481-4510989	0.527956282989465	0.587029095570198	Pcx	NO
chr19-4810409-4812262	0.504241663636459	0.509358004670562	Rbm14	NO
chr19-4877726-4879242	0.41953552733064	0.413325267577406	Zdhhc24	NO
chr19-5423695-5425631	0.496276469970534	0.553421248687113	AI837181	NO
chr19-5456402-5457931	0.404038842493293	0.457349890943481	Ccdc85b	NO
chr19-5487672-5489478	0.541679550167881	0.468278410910595	Mus81	NO
chr19-5615093-5615313	0.192580383855501	0.0164724056030645	Kat5	NO
chr19-5636648-5638346	0.477141083428573	0.363600481011673	Rela	YES
chr19-5648311-5649376	0.203511386937871	0.272962088627489	Rela	YES
chr19-5653882-5655338	0.26665792784028	0.196373382996483	Sipa1	NO
chr19-5687975-5690265	0.44728950555195	0.533136219408765	Pcnxl3	NO
chr19-6045911-6047665	0.452562785727975	0.488251247214669	Syvn1	NO
chr19-6066510-6068278	0.393315402165292	0.398201545025589	Tm7sf2	NO
chr19-6340726-6341801	0.394072614596994	0.177840892699666	Map4k2	NO
chr19-6362963-6364769	0.541749862933815	0.601266239385608	Sf1	NO
chr19-6451865-6452540	0.233859430705437	0.226075809834453	Nrxn2	NO
chr19-6920144-6922667	0.492768407525034	0.542197433827955	Esrra	NO
chr19-6950286-6952456	0.479729290029423	0.46126647874753	Bad	NO
chr19-6974220-6975218	0.461199695618742	0.426252168079694	Ppp1r14b	NO
chr19-6979088-6980842	0.642404667303421	0.569728110399275	Fkbp2	NO
chr19-6992102-6992916	0.398338069947081	0.430141193567433	Dnajc4	NO
chr19-7039174-7041144	0.512435729495704	0.609292147657993	Stip1	NO
chr19-7056133-7058315	0.425951905369866	0.280663828669657	Macrod1	NO
chr19-7135520-7135858	0.179806828712902	0.0929543016163616	Macrod1	NO
chr19-7136091-7136353	0.154076554844429	0.122108710898734	Macrod1	NO
chr19-7205272-7206857	0.493334740985003	0.405781963414155	Otub1	NO
chr19-7240145-7241663	0.499068719538812	0.45774141334554	Naa40	NO
chr19-7267126-7269012	0.45668619405716	0.493440033661231	Rcor2	YES
chr19-7416574-7418482	0.478378089986797	0.516019240163387	2700081O15Rik	NO
chr19-8747408-8747702	0.0778153181601398	0.0432747309432237	Stx5a	NO
chr19-8940841-8942724	0.489306337153626	0.414666363803791	Eml3	NO
chr19-8984190-8984823	0.220115182702607	0.16835643700203	Ahnak	NO
chr19-8997306-8997951	0.351910688816739	0.05485419937703	Ahnak	NO
chr19-9022863-9023404	0.135927068046121	0.0194290530361603	Ahnak	NO
chr19-9981718-9983456	0.48563908639402	0.498872572542293	Fth1	NO
chr19-10017448-10018858	0.484540025315852	0.256541602015613	Rab3il1	NO
chr19-10356768-10357584	0.0694378643609485	0.0982843682641424	Syt7	NO
chr19-10524687-10526289	0.485070787197494	0.428196484729443	Cpsf7	NO
chr19-10894321-10896130	0.435541671353967	0.452153880658642	Prpf19	NO
chr19-14596873-14599129	0.605702233572918	0.625424833365788	Tle4	NO
chr19-14670058-14671243	0.290924826036955	0.0534733500173838	Tle4	NO
chr19-15924059-15926247	0.826745976542085	0.329343556522189	Psat1	NO
chr19-18669894-18671830	0.531620082933012	0.484158028036704	2410127L17Rik	NO
chr19-21271243-21273189	0.574457211122623	0.545403163510405	Zfand5	NO
chr19-24960798-24962393	0.465789179368494	0.418900548091046	Cbwd1	NO
chr19-28560690-28561743	0.214770429066192	0.0574379726894662	Glis3	NO
chr19-29100181-29102325	0.485526814605915	0.489635104982511	Rcl1	NO
chr19-34191195-34193398	0.265256585741843	0.223682489791279	Stambpl1	NO
chr19-36408823-36410554	0.602787981993298	0.263081685156423	Pcgf5	NO
chr19-38015114-38016233	0.282422104310368	0.0840566089952969	Myof	NO
chr19-38123694-38125264	0.195904806412612	0.131262904418408	Rbp4	NO
chr19-38973556-38974082	0.0908325537596368	0.0351343751714107	Hells	NO
chr19-40371810-40372298	0.150661496925696	0.0504969006444597	Sorbs1	NO
chr19-40830327-40832398	0.453195716627989	0.447469533291981	Ccnj	NO
chr19-42085698-42086623	0.403356939688856	0.355497493840964	Morn4	NO
chr19-42151885-42152384	0.147199465793203	0.140229782931068	Marveld1	NO
chr19-42631115-42632098	0.0445324876234573	0.0934935962253217	Loxl4	NO
chr19-43673999-43676128	0.581879716573288	0.580911902801601	Slc25a28	NO
chr19-43688746-43690431	0.476229393479315	0.408679962443952	Entpd7	NO
chr19-44283736-44285060	0.560255961830841	0.47579802422224	Scd2	NO
chr19-44314212-44315436	0.306539101464498	0.246808054004567	Scd2	NO
chr19-44514383-44515506	0.592891304182072	0.093377522002074	Wnt8b	NO
chr19-45362532-45364551	0.501800968280656	0.52170917040739	Btrc	NO
chr19-45748743-45749984	0.250994057218276	0.30463897284126	Npm3	NO
chr19-46304066-46305951	0.518094428843306	0.287621056288119	Nfkb2	NO
chr19-46374384-46375753	0.361559651660118	0.164533328010827	Tmem180	NO
chr19-46477450-46477862	0.104707191283448	0.0457518891471061	Sufu	NO
chr19-46597771-46600068	0.445974017810006	0.542036631772017	Wbp1l	NO
chr19-46760582-46762892	0.528778577302868	0.592521327940734	Cnnm2	NO
chr19-46961081-46962779	0.503460929378239	0.440917464752187	Nt5c2	NO
chr19-47067038-47068939	0.45352138509857	0.429674356253209	Taf5	NO
chr19-47279404-47280201	0.188540992741432	0.121700092909826	Sh3pxd2a	NO
chr19-47313382-47314972	0.388878924618155	0.222951641432824	Sh3pxd2a	NO
chr19-47330618-47331159	0.0651038480812174	0.145059984316184	Sh3pxd2a	NO
chr19-47730397-47732276	0.668313374875043	0.53137056611887	Sfr1	NO
chr19-47918455-47920308	0.432180411912263	0.298914302200374	Cfap43	NO
chr19-48781693-48782659	0.0950081985287987	0.0699563725641259	Sorcs3	NO
chr19-53141198-53143721	0.73565110625118	0.447125668789854	Add3	NO
chr19-53325426-53325909	0.195328960764203	0.129128061399523	Mxi1	NO
chr19-55592876-55593621	0.253699305957056	0.12532819514897	Vti1a	NO
chr19-55643153-55644192	0.211328299763111	0.0932147953066281	4930552P12Rik	NO
chr19-55742375-55744282	0.572878102506832	0.193211216392542	Tcf7l2	NO
chr19-56028957-56030849	0.754293358169267	0.124536902000392	Tcf7l2	NO
chrX-7374652-7376906	0.316164005938877	0.286701037876453	Usp27x	NO
chrX-7713489-7715184	0.353443386842986	0.355230629533624	Gm14720	NO
chrX-7761960-7763260	0.336098417145221	0.325263579245649	Tfe3	NO
chrX-7821111-7822915	0.126714780752191	0.165493512879906	Kcnd1	NO
chrX-7883612-7884826	0.290278129955652	0.237173162631056	Slc35a2	NO
chrX-7946802-7949003	0.430157710234142	0.41757366419361	Hdac6	NO
chrX-10714628-10715092	0.269432798628724	0.0767102724528806	Mid1ip1	NO
chrX-11998228-11998705	0.13115835621427	0.0664137154725233	Bcor	NO
chrX-12133202-12133634	0.240777899897798	0.0958747594622996	Bcor	NO
chrX-12586872-12588544	0.334891927539719	0.387374943164255	Atp6ap2	NO
chrX-12761192-12763117	0.452424899116972	0.404079618462498	Med14	NO
chrX-13207354-13209238	0.260865187223166	0.320585092144406	n-R5s3	NO
chrX-13279767-13282119	0.483499563698613	0.406686644945414	Ddx3x	NO
chrX-19903839-19905070	0.706071149933064	0.095271109922242	Chst7	NO
chrX-20363727-20365238	0.332639209418789	0.279346296374845	Rp2h	NO
chrX-36644297-36646169	0.298445971837451	0.302029882197449	Akap17b	NO
chrX-47891114-47893012	0.196952361366486	0.255298065472063	Smarca1	NO
chrX-48207604-48209149	0.304274682609034	0.351668111069147	Zdhhc9	NO
chrX-48284188-48286287	0.518211037644232	0.416406469301796	9530027J09Rik	NO
chrX-48512750-48513788	0.378631960189253	0.255687726117186	Aifm1	NO
chrX-53268461-53270357	0.349850783451249	0.277763691179503	Fam122b	NO
chrX-53643310-53644336	0.306797548733284	0.175858592476442	Cxx1a	NO
chrX-73715381-73717544	0.532034511142305	0.378012526096608	Abcd1	NO
chrX-73914465-73915672	0.298002591861022	0.332571414638047	Arhgap4	NO
chrX-74084503-74086401	0.45376628245862	0.461949936733897	Mecp2	NO
chrX-75155462-75156103	0.154913152872992	0.0667674375264986	Smim9	NO
chrX-93700228-93701455	0.190972970921177	0.0727822969435513	Pcyt1b	NO
chrX-94234000-94235889	0.450979167387312	0.315994930953804	Klhl15	NO
chrX-96095494-96097401	0.321720655061237	0.102402976993487	Msn	NO
chrX-99198221-99200217	0.572738055485138	0.285076171193872	Efnb1	NO
chrX-99248887-99249568	0.158678217897866	0.0726342443555073	Efnb1	NO
chrX-101272926-101274810	0.401133250261998	0.249844022763876	Med12	NO
chrX-101428530-101430363	0.412727172306318	0.419416917029121	Nono	NO
chrX-102156248-102158113	0.377772470539682	0.334451225631212	Ercc6l	NO
chrX-106185562-106188082	0.498107783217538	0.400331947727708	Pgk1	NO
chrX-140541675-140543641	0.258685934613158	0.246580379237439	Tsc22d3	NO
chrX-159371329-159373211	0.400277580535006	0.258493586659602	Eif1ax	NO
chrX-162759022-162761418	0.466415840832853	0.458569942902146	Rbbp7	NO
chrX-166509535-166510907	0.409300338157801	0.324783483908087	Tceanc	NO
chrX-166660681-166662417	0.173336139037078	0.227455427177465	Gm1720	NO
